Preg_num,ID_num,UNIT,INF.SEX,PARITY,CONCEPTION_DATE,BIRTH_DATE,birth_mo,birth_day,birth_yr,dry.wt,SID,SAMPLE_DATE,Month,Year,Time,Days_past_conc,Takeover_Date,Tkov_Notes,takeover,biweek,EIA.Dilution,EIA.GC.dose,EIA.GC.ng.g,EIA.Assay,logEIA,unit_size,Rank_3,repro_state,rain30,mminT30,std_rain30,std_mminT30
Preg_1,ID_1,A,F,primi,3/7/10,9/5/10,9,5,10,0.067,3533,4/5/10,4,2010,1462.441667,29,4/15/09,Avon = new male,none,4 weeks,80,15.24359093,1092.078156,Preg17,6.995837725,small,Low,1st_Trimester,67.3,8.904,-0.395786921,0.0057311
Preg_1,ID_1,A,F,primi,3/7/10,9/5/10,9,5,10,0.064,3712,5/12/10,5,2010,1462.443056,66,4/15/09,Avon = new male,none,10 weeks,80,24.88365039,1866.273779,Preg4B,7.53169909,small,Low,2nd_Trimester,57,9.98,-0.454048957,0.894376359
Preg_1,ID_1,A,F,primi,3/7/10,9/5/10,9,5,10,0.055,3919,6/14/10,6,2010,1462.4,99,4/15/09,Avon = new male,none,14 weeks,80,24.02289883,2096.543898,Preg5B,7.648045505,small,Low,2nd_Trimester,220.1,9.987096774,0.468527562,0.900237432
Preg_2,ID_2,A,F,multi,3/13/10,9/11/10,9,11,10,0.069,3514,4/3/10,4,2010,1462.450694,21,4/15/09,Avon = new male,none,4 weeks,80,9.915769998,689.7926955,Preg17,6.536391111,small,Low,1st_Trimester,65.9,8.848,-0.403706033,-0.040518096
Preg_2,ID_2,A,F,multi,3/13/10,9/11/10,9,11,10,0.064,3921,6/15/10,6,2010,1462.420139,94,4/15/09,Avon = new male,none,14 weeks,80,8.950920192,671.3190144,Preg5B,6.509244455,small,Low,2nd_Trimester,266.1,9.877419355,0.728726948,0.80965721
Preg_2,ID_2,A,F,multi,3/13/10,9/11/10,9,11,10,0.052,3701,5/12/10,5,2010,1462.352083,60,4/15/09,Avon = new male,none,8 weeks,80,33.58529618,3100.181185,Preg7,8.039215836,small,Low,1st_Trimester,57,9.98,-0.454048957,0.894376359
Preg_3,ID_3,B1,M,multi,3/31/10,9/29/10,9,29,10,0.06,3620,4/23/10,4,2010,1462.370139,23,4/17/06,Francisco = new male,none,4 weeks,80,25.50837309,2040.669847,Preg4B,7.621033389,large,High,1st_Trimester,62.5,9.475,-0.422938161,0.47730772
Preg_3,ID_3,B1,M,multi,3/31/10,9/29/10,9,29,10,0.069,3717,5/13/10,5,2010,1462.402083,43,4/17/06,Francisco = new male,none,6 weeks,80,26.79263876,1863.83574,Preg4B,7.530391869,large,High,1st_Trimester,50,10.06,-0.493644516,0.960446638
Preg_3,ID_3,B1,M,multi,3/31/10,9/29/10,9,29,10,0.077,3881,6/10/10,6,2010,1462.364583,71,4/17/06,Francisco = new male,none,10 weeks,80,9.223146431,574.9493879,Preg5B,6.354282016,large,High,2nd_Trimester,200.6,10.25806452,0.358225648,1.124023865
Preg_3,ID_3,B1,M,multi,3/31/10,9/29/10,9,29,10,0.082,3955,7/16/10,7,2010,1462.390278,107,4/17/06,Francisco = new male,none,16 weeks,80,27.56728474,1613.694717,Preg5B,7.386281684,large,High,2nd_Trimester,125.5,8.8,-0.066578132,-0.080160263
Preg_3,ID_3,B1,M,multi,3/31/10,9/29/10,9,29,10,0.047,4151,8/30/10,8,2010,1462.379861,152,4/17/06,Francisco = new male,none,22 weeks,80,34.82304739,3556.396329,Preg6,8.176503044,large,High,3rd_Trimester,481.7,7.814814815,1.948270159,-0.893803519
Preg_4,ID_4,B2,M,multi,3/3/10,9/1/10,9,1,10,0.067,3762,5/17/10,5,2010,1462.416667,75,4/17/06,Francisco = new male,none,10 weeks,80,18.99846235,1361.08387,Preg20B,7.216036625,small,Low,2nd_Trimester,50.1,10.195,-0.493078865,1.071940235
Preg_4,ID_4,B2,M,multi,3/3/10,9/1/10,9,1,10,0.06,3628,4/24/10,4,2010,1462.392361,52,4/17/06,Francisco = new male,none,8 weeks,80,14.34116584,1147.293267,Preg4B,7.045160766,small,Low,1st_Trimester,62.5,9.492,-0.422938161,0.491347654
Preg_4,ID_4,B2,M,multi,3/3/10,9/1/10,9,1,10,0.088,3834,6/4/10,6,2010,1462.411111,93,4/17/06,Francisco = new male,none,14 weeks,80,13.58046847,740.7528258,Preg5B,6.607667001,small,Low,2nd_Trimester,173.8,10.37741935,0.206631223,1.222596453
Preg_4,ID_4,B2,M,multi,3/3/10,9/1/10,9,1,10,0.056,4119,8/17/10,8,2010,1462.449306,167,4/17/06,Francisco = new male,none,24 weeks,80,11.73917359,1006.21488,Preg6,6.913950926,small,Low,3rd_Trimester,684.9,7.764516129,3.097672665,-0.935344122
Preg_5,ID_5,B2,F,primi,3/23/10,9/21/10,9,21,10,0.06,3629,4/24/10,4,2010,1462.402778,32,7/24/09,Leatherface = new male,none,6 weeks,80,26.36930964,2109.544771,Preg4B,7.654227455,small,High,1st_Trimester,62.5,9.492,-0.422938161,0.491347654
Preg_5,ID_5,B2,F,primi,3/23/10,9/21/10,9,21,10,0.047,4114,8/17/10,8,2010,10:03,147,7/24/09,Leatherface = new male,none,20 weeks,80,28.40009738,2900.435477,Preg6,7.972616169,small,High,3rd_Trimester,684.9,7.764516129,3.097672665,-0.935344122
Preg_5,ID_5,B2,F,primi,3/23/10,9/21/10,9,21,10,0.019,4176,9/3/10,9,2010,1462.379167,164,7/24/09,Leatherface = new male,none,22 weeks,80,12.85930347,3248.666141,Preg6,8.085999773,small,High,3rd_Trimester,485.8,7.907407407,1.971461843,-0.817333289
Preg_5,ID_5,B2,F,primi,3/23/10,9/21/10,9,21,10,0.093,3757,5/17/10,5,2010,1462.380556,55,7/24/09,Leatherface = new male,none,8 weeks,80,53.94251311,2784.129709,Preg8,7.931690611,small,High,1st_Trimester,50.1,10.195,-0.493078865,1.071940235
Preg_5,ID_5,B2,F,primi,3/23/10,9/21/10,9,21,10,0.072,3829,6/4/10,6,2010,1462.369444,73,7/24/09,Leatherface = new male,none,10 weeks,80,14.59306965,972.8713098,Preg8,6.880251812,small,High,2nd_Trimester,173.8,10.37741935,0.206631223,1.222596453
Preg_6,ID_6,B1,F,primi,3/27/10,9/25/10,9,25,10,0.075,3621,4/23/10,4,2010,1462.370139,27,4/17/06,,none,4 weeks,80,39.9564551,2557.213126,Preg4B,7.846673322,large,Low,1st_Trimester,62.5,9.475,-0.422938161,0.47730772
Preg_6,ID_6,B1,F,primi,3/27/10,9/25/10,9,25,10,0.065,3722,5/13/10,5,2010,1462.426389,47,4/17/06,,none,8 weeks,80,23.87863591,1763.345421,Preg4B,7.474968091,large,Low,1st_Trimester,50,10.06,-0.493644516,0.960446638
Preg_6,ID_6,B1,F,primi,3/27/10,9/25/10,9,25,10,0.049,3870,6/9/10,6,2010,1462.491667,74,4/17/06,,none,10 weeks,80,12.62432078,1236.668158,Preg5B,7.120176073,large,Low,2nd_Trimester,185.6,10.32903226,0.273378022,1.182634596
Preg_6,ID_6,B1,F,primi,3/27/10,9/25/10,9,25,10,0.039,3964,7/16/10,7,2010,1462.422222,111,4/17/06,,none,16 weeks,80,13.94406515,1716.192634,Preg5B,7.447863531,large,Low,2nd_Trimester,125.5,8.8,-0.066578132,-0.080160263
Preg_6,ID_6,B1,F,primi,3/27/10,9/25/10,9,25,10,0.066,4153,8/30/10,8,2010,1462.382639,156,4/17/06,,none,22 weeks,80,23.26560767,1692.044194,Preg6,7.433692659,large,Low,3rd_Trimester,481.7,7.814814815,1.948270159,-0.893803519
Preg_7,ID_7,B1,F,multi,2/15/10,8/16/10,8,16,10,0.053,3619,4/23/10,4,2010,1462.370139,67,4/17/06,Francisco = new male,none,10 weeks,80,13.28974574,1203.599614,Preg4B,7.093072024,large,High,2nd_Trimester,62.5,9.475,-0.422938161,0.47730772
Preg_7,ID_7,B1,F,multi,2/15/10,8/16/10,8,16,10,0.078,3724,5/13/10,5,2010,1462.427778,87,4/17/06,Francisco = new male,none,12 weeks,80,4.300115226,264.6224754,Preg4B,5.578304189,large,High,2nd_Trimester,50,10.06,-0.493644516,0.960446638
Preg_7,ID_7,B1,F,multi,2/15/10,8/16/10,8,16,10,0.072,3875,6/10/10,6,2010,1462.360417,115,4/17/06,Francisco = new male,none,16 weeks,80,11.56066833,770.7112221,Preg5B,6.647313754,large,High,2nd_Trimester,200.6,10.25806452,0.358225648,1.124023865
Preg_7,ID_7,B1,F,multi,2/15/10,8/16/10,8,16,10,0.021,3963,7/16/10,7,2010,1462.399306,151,4/17/06,Francisco = new male,none,20 weeks,80,8.194990293,1873.140638,Preg5B,7.535371787,large,High,3rd_Trimester,125.5,8.8,-0.066578132,-0.080160263
Preg_8,ID_8,C3,F,primi,10/11/08,4/11/09,4,11,9,0.074,1787,10/30/08,10,2008,1462.390278,19,1/29/08,Nafta = new male,none,4 weeks,80,23.46152424,1521.828599,Preg15,7.327667916,small,High,1st_Trimester,93.6,8.351724138,-0.24702075,-0.450381657
Preg_8,ID_8,C3,F,primi,10/11/08,4/11/09,4,11,9,0.065,1901,1/31/09,1,2009,1462.46875,112,1/29/08,Nafta = new male,none,16 weeks,80,10.07678212,744.1316025,Preg17,6.612217904,small,High,2nd_Trimester,0,6.561538462,-0.776469936,-1.928857505
Preg_8,ID_8,C3,F,primi,10/11/08,4/11/09,4,11,9,0.081,1944,2/7/09,2,2009,1462.404167,119,1/29/08,Nafta = new male,none,16 weeks,80,17.44146351,1033.568208,Preg17,6.940772374,small,High,2nd_Trimester,0,9.412,-0.776469936,0.425277375
Preg_8,ID_8,C3,F,primi,10/11/08,4/11/09,4,11,9,0.082,1958,2/9/09,2,2009,1462.477083,121,1/29/08,Nafta = new male,none,16 weeks,80,16.70106021,977.6230367,Preg17,6.885124153,small,High,2nd_Trimester,0,9.404,-0.776469936,0.418670347
Preg_8,ID_8,C3,F,primi,10/11/08,4/11/09,4,11,9,0.067,1974,2/13/09,2,2009,1462.420139,125,1/29/08,Nafta = new male,none,18 weeks,80,6.881329507,492.9907706,Preg17,6.200490453,small,High,3rd_Trimester,0,9.526923077,-0.776469936,0.520189872
Preg_8,ID_8,C3,F,primi,10/11/08,4/11/09,4,11,9,0.048,1998,2/18/09,2,2009,1462.416667,130,1/29/08,Nafta = new male,none,18 weeks,80,6.101606676,610.1606676,Preg17,6.413722312,small,High,3rd_Trimester,0.5,9.876,-0.773641682,0.808484995
Preg_8,ID_8,C3,F,primi,10/11/08,4/11/09,4,11,9,0.068,2060,3/2/09,3,2009,1462.371528,142,1/29/08,Nafta = new male,none,20 weeks,80,6.104296018,430.8914836,Preg18,6.06585628,small,High,3rd_Trimester,0.6,11.11153846,-0.773076031,1.828889637
Preg_8,ID_8,C3,F,primi,10/11/08,4/11/09,4,11,9,0.042,2106,3/8/09,3,2009,1462.468056,148,1/29/08,Nafta = new male,none,20 weeks,80,8.040940377,918.9646145,Preg18,6.823247617,small,High,3rd_Trimester,1.3,8.910344828,-0.769116475,0.010971157
Preg_8,ID_8,C3,F,primi,10/11/08,4/11/09,4,11,9,0.071,2119,3/11/09,3,2009,1462.352083,151,1/29/08,Nafta = new male,none,20 weeks,80,13.40863307,906.4991371,Preg18,6.809590078,small,High,3rd_Trimester,1.3,9,-0.769116475,0.085015435
Preg_8,ID_8,C3,F,primi,10/11/08,4/11/09,4,11,9,0.097,2147,3/15/09,3,2009,1462.485417,155,1/29/08,Nafta = new male,none,22 weeks,80,13.81969159,683.8610274,Preg18,6.527754721,small,High,3rd_Trimester,1.3,9.203448276,-0.769116475,0.253038991
Preg_8,ID_8,C3,F,primi,10/11/08,4/11/09,4,11,9,0.079,2164,3/21/09,3,2009,1462.499306,161,1/29/08,Nafta = new male,none,22 weeks,80,19.56092918,1188.512153,Preg18,7.080457512,small,High,3rd_Trimester,31.8,9.064285714,-0.596592969,0.138107624
Preg_8,ID_8,C3,F,primi,10/11/08,4/11/09,4,11,9,0.066,2183,3/25/09,3,2009,8:42,165,1/29/08,Nafta = new male,none,22 weeks,80,16.56888898,1205.010108,Preg18,7.094243234,small,High,3rd_Trimester,31.8,9.35,-0.596592969,0.374072908
Preg_8,ID_8,C3,F,primi,10/11/08,4/11/09,4,11,9,0.064,2212,3/30/09,3,2009,1462.390972,170,1/29/08,Nafta = new male,none,24 weeks,80,22.23801103,1667.850827,Preg18,7.419291147,small,High,3rd_Trimester,38.7,9.255555556,-0.557563061,0.296073273
Preg_8,ID_8,C3,F,primi,10/11/08,4/11/09,4,11,9,0.058,2251,4/4/09,4,2009,1462.45,175,1/29/08,Nafta = new male,none,24 weeks,80,16.43272511,1359.949664,Preg18,7.215202966,small,High,3rd_Trimester,38.7,9.166666667,-0.557563061,0.222661851
Preg_8,ID_8,C3,F,primi,10/11/08,4/11/09,4,11,9,0.058,2303,4/8/09,4,2009,1462.436111,179,1/29/08,Nafta = new male,none,24 weeks,80,14.60004912,1208.279927,Preg18,7.096953079,small,High,3rd_Trimester,38.1,9.203703704,-0.560956966,0.253249943
Preg_8,ID_8,C3,F,primi,10/11/08,4/11/09,4,11,9,0.122,2048,2/27/09,2,2009,1462.383333,139,1/29/08,Nafta = new male,none,20 weeks,80,11.3984927,448.4652864,Preg2,6.105831279,small,High,3rd_Trimester,0.6,10.79615385,-0.773076031,1.56842027
Preg_8,ID_8,C3,F,primi,10/11/08,4/11/09,4,11,9,0.081,2335,4/10/09,4,2009,1462.371528,181,1/29/08,Nafta = new male,none,24 weeks,80,11.77097588,697.5393114,Preg2,6.547558873,small,High,3rd_Trimester,44.6,9.225925926,-0.524189662,0.271602799
Preg_8,ID_8,C3,F,primi,10/11/08,4/11/09,4,11,9,0.098,2026,2/23/09,2,2009,1462.486806,135,1/29/08,Nafta = new male,none,18 weeks,80,9.381297708,459.4921327,Preg4B,6.13012182,small,High,3rd_Trimester,0.5,10.22307692,-0.773641682,1.095128359
Preg_9,ID_9,C,M,multi,6/23/07,12/22/07,12,22,7,0.056,840,7/10/07,7,2007,1462.379167,17,1/29/08,Nafta = new male,0_3mo,4 weeks,80,10.65487699,913.2751706,Preg14,6.817037227,large,Low,1st_Trimester,487.8,7.5,1.98277486,-1.153802304
Preg_9,ID_9,C,M,multi,6/23/07,12/22/07,12,22,7,0.055,903,8/17/07,8,2007,1462.500694,55,1/29/08,Nafta = new male,0_3mo,8 weeks,80,20.46871531,1786.360609,Preg14,7.48793565,large,Low,1st_Trimester,252,6.992,0.64897018,-1.573348579
Preg_9,ID_9,C,M,multi,6/23/07,12/22/07,12,22,7,0.042,1048,12/13/07,12,2007,1462.397222,173,1/29/08,Nafta = new male,0_3mo,24 weeks,80,7.07351508,808.4017235,Preg14,6.695059118,large,Low,3rd_Trimester,0,6.230434783,-0.776469936,-2.202308913
Preg_9,ID_9,C,M,multi,6/23/07,12/22/07,12,22,7,0.044,981,10/24/07,10,2007,1462.464583,123,1/29/08,Nafta = new male,0_3mo,18 weeks,80,6.048228363,659.8067305,Preg1B,6.49194696,large,Low,3rd_Trimester,65.1,7.144827586,-0.408231239,-1.447131562
Preg_10,ID_10,C1,M,multi,3/28/13,9/26/13,9,26,13,0.063,9913,9/2/13,9,2013,9:01,158,1/29/08,Nafta = new male,none,22 weeks,80,12.26999916,934.8570791,Preg20B,6.840393661,small,Low,3rd_Trimester,339.2,8.044444444,1.142217712,-0.704157347
Preg_10,ID_10,C1,M,multi,3/28/13,9/26/13,9,26,13,0.091,9119,5/9/13,5,2013,10:44,42,1/29/08,Nafta = new male,none,6 weeks,80,19.92981234,1051.242849,Preg3,6.957728409,small,High,1st_Trimester,32.5,9.985185185,-0.592633413,0.898658691
Preg_10,ID_10,C1,M,multi,3/28/13,9/26/13,9,26,13,0.103,9385,6/12/13,6,2013,10:36,76,1/29/08,Nafta = new male,none,10 weeks,80,19.41520585,904.7862918,Preg9B,6.807698774,small,High,2nd_Trimester,119.3,13.44642857,-0.101648484,3.757225163
Preg_10,ID_10,C1,M,multi,3/28/13,9/26/13,9,26,13,0.113,9554,7/3/13,7,2013,11:35,97,1/29/08,Nafta = new male,none,14 weeks,80,26.31382177,1117.755261,Preg9B,7.019077722,small,High,2nd_Trimester,350.8,12.27666667,1.20783321,2.791143967
Preg_10,ID_10,C1,M,multi,3/28/13,9/26/13,9,26,13,0.075,9750,8/8/13,8,2013,10:11,133,1/29/08,Nafta = new male,none,18 weeks,80,24.38003594,1560.3223,Preg9B,7.352647681,small,Low,3rd_Trimester,1137.5,7.725,5.657808366,-0.967979643
Preg_11,ID_11,C3,F,primi,8/22/08,2/20/09,2,20,9,0.032,1752,9/20/08,9,2008,11:33,29,1/29/08,Nafta = new male,none,4 weeks,80,7.658446733,1148.76701,Preg15,7.046444481,small,Low,1st_Trimester,268.8,8.107692308,0.743999521,-0.651922297
Preg_11,ID_11,C3,F,primi,8/22/08,2/20/09,2,20,9,0.069,1927,2/5/09,2,2009,1462.435417,167,1/29/08,Nafta = new male,none,24 weeks,80,18.82209033,1309.362806,Preg17,7.17729589,small,Low,3rd_Trimester,0,9.156,-0.776469936,0.21385248
Preg_11,ID_11,C3,F,primi,8/22/08,2/20/09,2,20,9,0.079,1957,2/9/09,2,2009,1462.475,171,1/29/08,Nafta = new male,none,24 weeks,80,24.23829386,1472.706462,Preg17,7.294857118,small,Low,3rd_Trimester,0,9.404,-0.776469936,0.418670347
Preg_11,ID_11,C3,F,primi,8/22/08,2/20/09,2,20,9,0.065,1972,2/13/09,2,2009,1462.372222,175,1/29/08,Nafta = new male,none,24 weeks,80,18.1865292,1343.005233,Preg17,7.202665093,small,Low,3rd_Trimester,0,9.526923077,-0.776469936,0.520189872
Preg_11,ID_11,C3,F,primi,8/22/08,2/20/09,2,20,9,0.092,1997,2/18/09,2,2009,9:54,180,1/29/08,Nafta = new male,none,24 weeks,80,23.48328562,1225.214902,Preg17,7.110871538,small,Low,3rd_Trimester,0.5,9.876,-0.773641682,0.808484995
Preg_11,ID_11,C3,F,primi,8/22/08,2/20/09,2,20,9,0.053,1902,1/31/09,1,2009,1462.469444,162,1/29/08,Nafta = new male,none,22 weeks,80,14.30363566,1295.423607,Preg1B,7.16659303,small,Low,3rd_Trimester,0,6.561538462,-0.776469936,-1.928857505
Preg_12,ID_12,C4,M,multi,5/1/13,10/30/13,10,30,13,0.066,10203,10/11/13,10,2013,10:35,163,4/11/09,Webay = new male,none,22 weeks,80,14.35556929,1044.041403,Preg10,6.950854426,small,High,3rd_Trimester,232.2,7.513636364,0.536971314,-1.142540325
Preg_12,ID_12,C4,M,multi,5/1/13,10/30/13,10,30,13,0.094,9075,5/2/13,5,2013,10:09,1,4/11/09,Webay = new male,none,-2 weeks,80,11.42318873,583.3117647,Preg3,6.368721803,small,High,1st_Trimester,35.2,9.818518519,-0.577360841,0.761012276
Preg_12,ID_12,C4,M,multi,5/1/13,10/30/13,10,30,13,0.132,9424,6/17/13,6,2013,11:10,47,4/11/09,Webay = new male,none,8 weeks,80,23.03864667,837.7689698,Preg3,6.73074237,small,High,1st_Trimester,195.4,13.27857143,0.328811805,3.618595561
Preg_12,ID_12,C4,M,multi,5/1/13,10/30/13,10,30,13,0.035,10337,10/21/13,10,2013,10:03,173,4/11/09,Webay = new male,none,24 weeks,80,9.803674607,1344.503946,Preg5B,7.203780411,small,High,3rd_Trimester,148.3,7.345833333,0.062390259,-1.281125239
Preg_12,ID_12,C4,M,multi,5/1/13,10/30/13,10,30,13,0.088,9667,7/25/13,7,2013,2:09,85,4/11/09,Webay = new male,none,12 weeks,80,35.50169998,1936.456362,Preg9B,7.568614964,small,High,2nd_Trimester,1143,8.032142857,5.688919162,-0.714316963
Preg_12,ID_12,C4,M,multi,5/1/13,10/30/13,10,30,13,0.072,9837,8/22/13,8,2013,11:51,113,4/11/09,Webay = new male,none,16 weeks,80,13.87745903,925.1639352,Preg9B,6.829970949,small,High,2nd_Trimester,485.9,7.992592593,1.972027494,-0.746980676
Preg_12,ID_12,C4,M,multi,5/1/13,10/30/13,10,30,13,0.083,9901,9/2/13,9,2013,8:39,124,4/11/09,Webay = new male,none,18 weeks,80,20.45279581,1182.812288,Preg9B,7.075650177,small,High,3rd_Trimester,339.2,8.044444444,1.142217712,-0.704157347
Preg_13,ID_12,C1,M,primi,1/8/10,7/9/10,7,9,10,0.046,3257,1/25/10,1,2010,1462.483333,17,4/11/09,Webay = new male,none,4 weeks,80,15.39605154,1606.544509,Preg16,7.381840884,medium,High,1st_Trimester,27.8,6.966666667,-0.619219003,-1.594270834
Preg_13,ID_12,C1,M,primi,1/8/10,7/9/10,7,9,10,0.059,3278,2/2/10,2,2010,1462.436111,25,4/11/09,Webay = new male,none,4 weeks,80,24.23344945,1971.53487,Preg16,7.58656764,medium,High,1st_Trimester,28.7,7.714285714,-0.614128145,-0.976828342
Preg_13,ID_12,C1,M,primi,1/8/10,7/9/10,7,9,10,0.06,3343,2/19/10,2,2010,1462.422917,42,4/11/09,Webay = new male,none,6 weeks,80,16.03735731,1282.988584,Preg16,7.156947467,medium,High,1st_Trimester,28.7,8.037931034,-0.614128145,-0.709536633
Preg_13,ID_12,C1,M,primi,1/8/10,7/9/10,7,9,10,0.09,3437,3/5/10,3,2010,1462.381944,56,4/11/09,Webay = new male,none,8 weeks,80,18.71646029,998.2112154,Preg16,6.905964893,medium,High,1st_Trimester,0,8.237931034,-0.776469936,-0.544360934
Preg_13,ID_12,C1,M,primi,1/8/10,7/9/10,7,9,10,0.047,3464,3/18/10,3,2010,1462.404861,69,4/11/09,Webay = new male,none,10 weeks,80,19.97176491,2039.669608,Preg16,7.620543117,medium,High,2nd_Trimester,6.1,8.526666667,-0.741965235,-0.305900384
Preg_13,ID_12,C1,M,primi,1/8/10,7/9/10,7,9,10,0.068,3608,4/21/10,4,2010,1462.445833,103,4/11/09,Webay = new male,none,14 weeks,80,26.13200144,1844.611867,Preg4B,7.520024164,medium,High,2nd_Trimester,78.7,9.334782609,-0.331302725,0.361505192
Preg_13,ID_12,C1,M,primi,1/8/10,7/9/10,7,9,10,0.054,3644,5/5/10,5,2010,1462.40625,117,4/11/09,Webay = new male,none,16 weeks,80,15.09669957,1341.928851,Preg4B,7.201863299,medium,High,2nd_Trimester,71,9.775,-0.37485784,0.725071268
Preg_13,ID_12,C1,M,primi,1/8/10,7/9/10,7,9,10,0.054,3927,6/18/10,6,2010,1462.397917,161,4/11/09,Webay = new male,none,22 weeks,80,27.55970951,2449.751956,Preg5B,7.803742056,medium,High,3rd_Trimester,330.1,9.635483871,1.090743486,0.609847897
Preg_14,ID_13,C2,M,multi,12/9/08,6/9/09,6,9,9,0.078,1942,2/7/09,2,2009,1462.395833,60,1/29/08,Nafta = new male,none,8 weeks,80,6.785927452,417.5955355,Preg17,6.034513346,small,High,1st_Trimester,0,9.412,-0.776469936,0.425277375
Preg_14,ID_13,C2,M,multi,12/9/08,6/9/09,6,9,9,0.068,1966,2/12/09,2,2009,1462.376389,65,1/29/08,Nafta = new male,none,10 weeks,80,11.09162427,782.9381835,Preg17,6.663053745,small,High,2nd_Trimester,0,9.507692308,-0.776469936,0.504307594
Preg_14,ID_13,C2,M,multi,12/9/08,6/9/09,6,9,9,0.052,2024,2/23/09,2,2009,1462.484028,76,1/29/08,Nafta = new male,none,10 weeks,80,27.95249616,2580.230415,Preg17,7.855633982,small,High,2nd_Trimester,0.5,10.22307692,-0.773641682,1.095128359
Preg_14,ID_13,C2,M,multi,12/9/08,6/9/09,6,9,9,0.063,2055,3/1/09,3,2009,1462.433333,82,1/29/08,Nafta = new male,none,12 weeks,80,13.55584063,1032.825953,Preg18,6.940053968,small,High,2nd_Trimester,0.6,11.04615385,-0.773076031,1.774889894
Preg_14,ID_13,C2,M,multi,12/9/08,6/9/09,6,9,9,0.063,2072,3/4/09,3,2009,1462.459722,85,1/29/08,Nafta = new male,none,12 weeks,80,10.29447281,784.3407853,Preg18,6.664843601,small,High,2nd_Trimester,0.6,11.28461538,-0.773076031,1.971830143
Preg_14,ID_13,C2,M,multi,12/9/08,6/9/09,6,9,9,0.064,2103,3/8/09,3,2009,1462.425,89,1/29/08,Nafta = new male,none,12 weeks,80,10.7062838,802.9712848,Preg18,6.688318953,small,High,2nd_Trimester,1.3,8.910344828,-0.769116475,0.010971157
Preg_14,ID_13,C2,M,multi,12/9/08,6/9/09,6,9,9,0.071,2125,3/11/09,3,2009,1462.440972,92,1/29/08,Nafta = new male,none,14 weeks,80,9.231735589,624.1173356,Preg18,6.436338389,small,High,2nd_Trimester,1.3,9,-0.769116475,0.085015435
Preg_14,ID_13,C2,M,multi,12/9/08,6/9/09,6,9,9,0.109,2187,3/25/09,3,2009,1462.422222,106,1/29/08,Nafta = new male,none,14 weeks,80,30.91267288,1361.292017,Preg18,7.21618954,small,High,2nd_Trimester,31.8,9.35,-0.596592969,0.374072908
Preg_14,ID_13,C2,M,multi,12/9/08,6/9/09,6,9,9,0.078,2213,3/30/09,3,2009,1462.395833,111,1/29/08,Nafta = new male,none,16 weeks,80,15.04389651,925.7782467,Preg18,6.830634732,small,High,2nd_Trimester,38.7,9.255555556,-0.557563061,0.296073273
Preg_14,ID_13,C2,M,multi,12/9/08,6/9/09,6,9,9,0.07,2393,4/15/09,4,2009,1462.447222,127,1/29/08,Nafta = new male,none,18 weeks,80,10.65678331,730.7508554,Preg19B,6.594072575,small,High,3rd_Trimester,44.9,9.277777778,-0.522492709,0.314426128
Preg_14,ID_13,C2,M,multi,12/9/08,6/9/09,6,9,9,0.05,2440,4/28/09,4,2009,1462.40625,140,1/29/08,Nafta = new male,none,20 weeks,80,9.384569735,900.9186945,Preg19B,6.803415014,small,High,3rd_Trimester,7.9,9.58,-0.73178352,0.564024961
Preg_14,ID_13,C2,M,multi,12/9/08,6/9/09,6,9,9,0.083,2521,5/14/09,5,2009,1462.358333,156,1/29/08,Nafta = new male,none,22 weeks,80,11.42817427,660.9064638,Preg19B,6.493612323,small,High,3rd_Trimester,7.4,10.21538462,-0.734611774,1.088775454
Preg_14,ID_13,C2,M,multi,12/9/08,6/9/09,6,9,9,0.05,2553,5/20/09,5,2009,1462.366667,162,1/29/08,Nafta = new male,none,22 weeks,80,8.106019889,778.1779094,Preg19B,6.656955173,small,High,3rd_Trimester,8.6,10.22142857,-0.727823964,1.093767022
Preg_14,ID_13,C2,M,multi,12/9/08,6/9/09,6,9,9,0.076,2612,6/2/09,6,2009,1462.413889,175,1/29/08,Nafta = new male,none,24 weeks,80,9.446932814,596.6483883,Preg19B,6.391327976,small,High,3rd_Trimester,19.3,10.11,-0.667299324,1.001740563
Preg_14,ID_13,C2,M,multi,12/9/08,6/9/09,6,9,9,0.068,1866,1/24/09,1,2009,1462.403472,46,1/29/08,Nafta = new male,none,6 weeks,80,9.143849828,645.4482232,Preg1B,6.469944995,small,High,1st_Trimester,0.6,6.476,-0.773076031,-1.999501881
Preg_14,ID_13,C2,M,multi,12/9/08,6/9/09,6,9,9,0.085,1913,2/4/09,2,2009,1462.416667,57,1/29/08,Nafta = new male,none,8 weeks,80,20.30923825,1146.874631,Preg1B,7.044795809,small,High,1st_Trimester,0,9.046153846,-0.776469936,0.123132904
Preg_14,ID_13,C2,M,multi,12/9/08,6/9/09,6,9,9,0.075,1999,2/19/09,2,2009,1462.332639,72,1/29/08,Nafta = new male,none,10 weeks,80,9.196023733,588.5455189,Preg1B,6.377654271,small,High,2nd_Trimester,0.5,10,-0.773641682,0.910893928
Preg_14,ID_13,C2,M,multi,12/9/08,6/9/09,6,9,9,0.07,2043,2/26/09,2,2009,1462.414583,79,1/29/08,Nafta = new male,none,12 weeks,80,5.944602909,407.6299137,Preg2,6.010359688,small,High,2nd_Trimester,0.6,10.64615385,-0.773076031,1.444538496
Preg_14,ID_13,C2,M,multi,12/9/08,6/9/09,6,9,9,0.081,2146,3/15/09,3,2009,1462.477083,96,1/29/08,Nafta = new male,none,14 weeks,80,9.355029813,554.3721371,Preg2,6.317836189,small,High,2nd_Trimester,1.3,9.203448276,-0.769116475,0.253038991
Preg_14,ID_13,C2,M,multi,12/9/08,6/9/09,6,9,9,0.067,2250,4/4/09,4,2009,1462.429167,116,1/29/08,Nafta = new male,none,16 weeks,80,24.32816484,1742.913302,Preg2,7.463313304,small,High,2nd_Trimester,38.7,9.166666667,-0.557563061,0.222661851
Preg_14,ID_13,C2,M,multi,12/9/08,6/9/09,6,9,9,0.114,2286,4/8/09,4,2009,1462.344444,120,1/29/08,Nafta = new male,none,16 weeks,80,31.09176644,1309.127008,Preg2,7.177115788,small,High,2nd_Trimester,38.1,9.203703704,-0.560956966,0.253249943
Preg_14,ID_13,C2,M,multi,12/9/08,6/9/09,6,9,9,0.094,2157,3/21/09,3,2009,1462.376389,102,1/29/08,Nafta = new male,none,14 weeks,80,10.69526123,546.140999,Preg20B,6.302877182,small,High,2nd_Trimester,31.8,9.064285714,-0.596592969,0.138107624
Preg_15,ID_13,C2,M,multi,6/9/10,12/8/10,12,8,10,0.035,3923,6/18/10,6,2010,1462.385417,9,1/29/08,Nafta = new male,none,2 weeks,80,5.687798462,780.040932,Preg5B,6.659346395,small,High,1st_Trimester,330.1,9.635483871,1.090743486,0.609847897
Preg_15,ID_13,C2,M,multi,6/9/10,12/8/10,12,8,10,0.037,4127,8/18/10,8,2010,1462.457639,70,1/29/08,Nafta = new male,none,10 weeks,80,10.76613884,1396.688282,Preg6,7.241859201,small,High,2nd_Trimester,676.4,7.735483871,3.049592344,-0.95932124
Preg_15,ID_13,C2,M,multi,6/9/10,12/8/10,12,8,10,0.059,4221,9/9/10,9,2010,1462.349306,92,1/29/08,Nafta = new male,none,14 weeks,80,27.15402763,2209.141231,Preg6,7.700359136,small,High,2nd_Trimester,350.3,7.988888889,1.205004955,-0.750039485
Preg_15,ID_13,C2,M,multi,6/9/10,12/8/10,12,8,10,0.082,4313,10/2/10,10,2010,1462.490278,115,1/29/08,Nafta = new male,none,16 weeks,80,23.05529291,1349.578121,Preg6,7.20754732,small,High,2nd_Trimester,73.7,7.807142857,-0.359585267,-0.900139624
Preg_15,ID_13,C2,M,multi,6/9/10,12/8/10,12,8,10,0.065,3979,7/22/10,7,2010,1462.451389,43,1/29/08,Nafta = new male,none,6 weeks,80,25.09230221,1852.970009,Preg8,7.524545041,small,High,1st_Trimester,218.5,8.585714286,0.459477149,-0.257134226
Preg_15,ID_13,C2,M,multi,6/9/10,12/8/10,12,8,10,0.059,4544,11/3/10,11,2010,1462.420833,147,1/29/08,Nafta = new male,none,20 weeks,80,15.82572599,1287.516691,Preg8,7.160470596,small,High,3rd_Trimester,28.8,7.478571429,-0.613562494,-1.1714997
Preg_16,ID_14,C,M,multi,1/18/07,7/19/07,7,19,7,0.077,768,5/17/07,5,2007,1462.4375,119,1/29/08,Nafta = new male,6mo+,16 weeks,80,23.33866965,1454.878108,Preg1B,7.282677402,large,High,2nd_Trimester,50.6,8.541666667,-0.490250611,-0.293512207
Preg_16,ID_14,C,M,multi,1/18/07,7/19/07,7,19,7,0.084,790,6/8/07,6,2007,1462.368056,141,1/29/08,Nafta = new male,6mo+,20 weeks,80,11.12334472,635.6196981,Preg1B,6.454600426,large,High,3rd_Trimester,85.9,8.83125,-0.290575865,-0.05435156
Preg_17,ID_15,C,M,primi,6/14/07,12/13/07,12,13,7,0.088,902,8/17/07,8,2007,11:51,64,1/29/08,Nafta = new male,0_3mo,10 weeks,80,14.44716174,788.0270041,Preg14,6.669532358,large,High,2nd_Trimester,252,6.992,0.64897018,-1.573348579
Preg_17,ID_15,C,M,primi,6/14/07,12/13/07,12,13,7,0.05,982,10/24/07,10,2007,1462.472222,132,1/29/08,Nafta = new male,0_3mo,18 weeks,80,7.406299955,711.0047957,Preg14,6.566679175,large,High,3rd_Trimester,65.1,7.144827586,-0.408231239,-1.447131562
Preg_17,ID_15,C,M,primi,6/14/07,12/13/07,12,13,7,0.04,1014,11/15/07,11,2007,1462.388194,154,1/29/08,Nafta = new male,0_3mo,22 weeks,80,13.43468638,1612.162365,Preg1B,7.385331641,large,High,3rd_Trimester,64.4,6.235714286,-0.412190795,-2.197948685
Preg_18,ID_16,C1,F,multi,12/1/12,6/1/13,6,1,13,0.109,8774,3/14/13,3,2013,8:44,103,1/29/08,Nafta = new male,none,14 weeks,80,22.30555816,982.2631114,Preg20B,6.889859207,small,High,2nd_Trimester,16.2,9.555172414,-0.6848345,0.543520392
Preg_18,ID_16,C1,F,multi,12/1/12,6/1/13,6,1,13,0.1,8376,12/17/12,12,2012,11:00,16,1/29/08,Nafta = new male,none,2 weeks,80,18.86346764,905.4464467,Preg8,6.808428133,small,High,1st_Trimester,6.4,7.06,-0.740268282,-1.517188841
Preg_18,ID_16,C1,F,multi,12/1/12,6/1/13,6,1,13,0.075,8459,1/3/13,1,2013,9:56,33,1/29/08,Nafta = new male,none,6 weeks,80,16.1176154,1031.527386,Preg8,6.938795882,small,High,1st_Trimester,1.3,6.535483871,-0.769116475,-1.950375432
Preg_18,ID_16,C1,F,multi,12/1/12,6/1/13,6,1,13,0.095,8631,2/7/13,2,2013,10:58,68,1/29/08,Nafta = new male,none,10 weeks,80,14.7998692,747.7828649,Preg9B,6.617112648,small,High,2nd_Trimester,0,8.048148148,-0.776469936,-0.701098538
Preg_18,ID_16,C1,F,multi,12/1/12,6/1/13,6,1,13,0.09,8876,4/5/13,4,2013,9:01,125,1/29/08,Nafta = new male,none,18 weeks,80,15.08136052,804.339228,Preg9B,6.690021106,small,High,3rd_Trimester,21.1,9.092857143,-0.657117609,0.161704153
Preg_18,ID_16,C1,F,multi,12/1/12,6/1/13,6,1,13,0.099,9089,5/3/13,5,2013,10:30,153,1/29/08,Nafta = new male,none,22 weeks,80,26.76384337,1297.640891,Preg9B,7.168303196,small,High,3rd_Trimester,35.2,9.914814815,-0.577360841,0.840541316
Preg_19,ID_16,C1,M,multi,4/1/10,9/30/10,9,30,10,0.064,3604,4/21/10,4,2010,1462.395833,20,1/29/08,Nafta = new male,none,4 weeks,80,16.08847396,1206.635547,Preg20B,7.095591226,medium,High,1st_Trimester,78.7,9.334782609,-0.331302725,0.361505192
Preg_19,ID_16,C1,M,multi,4/1/10,9/30/10,9,30,10,0.064,3646,5/5/10,5,2010,1462.406944,34,1/29/08,Nafta = new male,none,6 weeks,80,18.94727696,1421.045772,Preg20B,7.259148339,medium,High,1st_Trimester,71,9.775,-0.37485784,0.725071268
Preg_19,ID_16,C1,M,multi,4/1/10,9/30/10,9,30,10,0.072,3926,6/18/10,6,2010,1462.397917,78,1/29/08,Nafta = new male,none,12 weeks,80,13.90970239,927.3134924,Preg5B,6.832291688,medium,High,2nd_Trimester,330.1,9.635483871,1.090743486,0.609847897
Preg_19,ID_16,C1,M,multi,4/1/10,9/30/10,9,30,10,0.085,4085,8/12/10,8,2010,1462.393056,133,1/29/08,Nafta = new male,none,18 weeks,80,22.65756034,1279.485761,Preg6,7.154213527,medium,High,3rd_Trimester,648.1,7.865517241,2.889513156,-0.851929476
Preg_19,ID_16,C1,M,multi,4/1/10,9/30/10,9,30,10,0.094,4230,9/9/10,9,2010,9:18,161,1/29/08,Nafta = new male,none,22 weeks,80,20.97299064,1070.961224,Preg6,6.976311864,medium,High,3rd_Trimester,350.3,7.988888889,1.205004955,-0.750039485
Preg_20,ID_16,C,M,multi,3/4/07,9/2/07,9,2,7,0.064,680,4/16/07,4,2007,1462.373611,43,1/29/08,Nafta = new male,3_6mo,6 weeks,80,9.851972079,738.8979059,Preg14,6.60515976,medium,High,1st_Trimester,42.7,8.229032258,-0.534937028,-0.551710242
Preg_20,ID_16,C,M,multi,3/4/07,9/2/07,9,2,7,0.108,748,5/2/07,5,2007,7:57,59,1/29/08,Nafta = new male,3_6mo,8 weeks,80,23.26258236,1033.892549,Preg14,6.941086132,large,High,1st_Trimester,56.9,8.103333333,-0.454614608,-0.65552228
Preg_20,ID_16,C,M,multi,3/4/07,9/2/07,9,2,7,0.076,793,6/8/07,6,2007,1462.425,96,1/29/08,Nafta = new male,3_6mo,14 weeks,80,31.6275867,1997.531792,Preg14,7.599667593,large,High,2nd_Trimester,85.9,8.83125,-0.290575865,-0.05435156
Preg_20,ID_16,C,M,multi,3/4/07,9/2/07,9,2,7,0.078,838,7/8/07,7,2007,1462.4375,126,1/29/08,Nafta = new male,3_6mo,18 weeks,80,17.01142417,1046.856872,Preg14,6.953547499,large,High,3rd_Trimester,449.3,7.525,1.764999287,-1.133155342
Preg_20,ID_16,C,M,multi,3/4/07,9/2/07,9,2,7,0.078,900,8/17/07,8,2007,1462.431944,166,1/29/08,Nafta = new male,3_6mo,22 weeks,80,14.69657853,904.4048327,Preg14,6.807277084,large,High,3rd_Trimester,252,6.992,0.64897018,-1.573348579
Preg_20,ID_16,C,M,multi,3/4/07,9/2/07,9,2,7,0.048,914,9/1/07,9,2007,1462.445833,181,1/29/08,Nafta = new male,3_6mo,24 weeks,80,8.278056266,827.8056266,Preg14,6.718778376,large,High,3rd_Trimester,255.5,7.457142857,0.668767959,-1.189197097
Preg_21,ID_17,D,F,primi,4/19/09,10/18/09,10,18,9,0.076,2756,7/19/09,7,2009,1462.4375,91,6/17/08,Devil = new male,none,12 weeks,80,13.24761905,697.2431081,Preg19B,6.547134142,small,High,2nd_Trimester,438.8,11.38333333,1.705605949,2.053359175
Preg_21,ID_17,D,F,primi,4/19/09,10/18/09,10,18,9,0.088,2554,5/21/09,5,2009,1462.345833,32,6/17/08,Devil = new male,none,6 weeks,80,12.22359474,666.7415314,Preg2,6.502402462,medium,High,1st_Trimester,9.4,10.25862069,-0.723298757,1.124483194
Preg_21,ID_17,D,F,primi,4/19/09,10/18/09,10,18,9,0.043,3007,10/2/09,10,2009,1462.373611,166,6/17/08,Devil = new male,none,22 weeks,80,12.38263584,1382.247721,Preg2,7.231466236,small,High,3rd_Trimester,101.9,8.35,-0.20007173,-0.451805585
Preg_22,ID_18,D,M,multi,4/30/10,10/29/10,10,29,10,0.077,4476,10/28/10,10,2010,1462.463889,181,6/17/08,Devil = new male,none,24 weeks,80,16.4893283,1027.90618,Preg4B,6.935279177,small,Low,3rd_Trimester,41,7.492857143,-0.544553092,-1.159701436
Preg_22,ID_18,D,M,multi,4/30/10,10/29/10,10,29,10,0.068,3777,5/20/10,5,2010,1462.383333,20,6/17/08,Devil = new male,none,4 weeks,80,18.92056937,1335.569603,Preg5B,7.197113149,small,Low,1st_Trimester,50.1,10.44285714,-0.493078865,1.276640116
Preg_22,ID_18,D,M,multi,4/30/10,10/29/10,10,29,10,0.057,3936,6/19/10,6,2010,1462.393056,50,6/17/08,Devil = new male,none,8 weeks,80,20.70610263,1743.6718,Preg5B,7.463748399,small,Low,1st_Trimester,336.1,9.54516129,1.124682536,0.53525242
Preg_22,ID_18,D,M,multi,4/30/10,10/29/10,10,29,10,0.042,4134,8/19/10,8,2010,1462.444444,111,6/17/08,Devil = new male,none,16 weeks,80,10.72646382,1225.88158,Preg6,7.111415521,small,Low,2nd_Trimester,706.9,7.732258065,3.22211585,-0.961985364
Preg_22,ID_18,D,M,multi,4/30/10,10/29/10,10,29,10,0.05,4207,9/7/10,9,2010,1462.375,130,6/17/08,Devil = new male,none,18 weeks,80,15.21700461,1460.832443,Preg6,7.286761719,small,Low,3rd_Trimester,362.3,7.97037037,1.272883056,-0.765333532
Preg_22,ID_18,D,M,multi,4/30/10,10/29/10,10,29,10,0.046,3749,5/15/10,5,2010,1462.440972,15,6/17/08,Devil = new male,none,2 weeks,80,15.33052318,1599.706767,Preg7,7.377575621,small,Low,1st_Trimester,56.1,10.07,-0.459139815,0.968705423
Preg_22,ID_18,D,M,multi,4/30/10,10/29/10,10,29,10,0.07,4322,10/4/10,10,2010,10:03,157,6/17/08,Devil = new male,none,22 weeks,80,9.920417894,680.257227,Preg7,6.522471002,small,Low,3rd_Trimester,68.3,7.725,-0.390130413,-0.967979643
Preg_22,ID_18,D,M,multi,4/30/10,10/29/10,10,29,10,0.06,4341,10/5/10,10,2010,1462.480556,158,6/17/08,Devil = new male,none,22 weeks,80,11.92075123,953.6600985,Preg7,6.860307317,small,Low,3rd_Trimester,66.9,7.710714286,-0.398049524,-0.979777907
Preg_22,ID_18,D,M,multi,4/30/10,10/29/10,10,29,10,0.062,4344,10/6/10,10,2010,1462.343056,159,6/17/08,Devil = new male,none,22 weeks,80,13.13741365,1017.090089,Preg7,6.924700975,small,Low,3rd_Trimester,79.2,7.692857143,-0.328474471,-0.994525738
Preg_22,ID_18,D,M,multi,4/30/10,10/29/10,10,29,10,0.078,4355,10/7/10,10,2010,1462.403472,160,6/17/08,Devil = new male,none,22 weeks,80,16.62356397,1022.988552,Preg7,6.930483575,small,Low,3rd_Trimester,79.9,7.664285714,-0.324514915,-1.018122266
Preg_22,ID_18,D,M,multi,4/30/10,10/29/10,10,29,10,0.056,4383,10/10/10,10,2010,1462.397222,163,6/17/08,Devil = new male,none,22 weeks,80,11.35815439,973.5560909,Preg7,6.880955441,small,Low,3rd_Trimester,86.1,7.628571429,-0.289444563,-1.047617926
Preg_22,ID_18,D,M,multi,4/30/10,10/29/10,10,29,10,0.068,4388,10/11/10,10,2010,1462.391667,164,6/17/08,Devil = new male,none,22 weeks,80,13.10448264,925.0223037,Preg7,6.829817849,small,Low,3rd_Trimester,86.1,7.592857143,-0.289444563,-1.077113587
Preg_22,ID_18,D,M,multi,4/30/10,10/29/10,10,29,10,0.069,4400,10/12/10,10,2010,1462.329861,165,6/17/08,Devil = new male,none,22 weeks,80,13.02385267,906.0071421,Preg7,6.809047189,small,Low,3rd_Trimester,86.1,7.567857143,-0.289444563,-1.097760549
Preg_22,ID_18,D,M,multi,4/30/10,10/29/10,10,29,10,0.085,4419,10/14/10,10,2010,1462.424306,167,6/17/08,Devil = new male,none,24 weeks,80,23.23557742,1312.126725,Preg7,7.179404554,small,Low,3rd_Trimester,82.9,7.582142857,-0.30754539,-1.085962285
Preg_22,ID_18,D,M,multi,4/30/10,10/29/10,10,29,10,0.075,4427,10/20/10,10,2010,1462.354861,173,6/17/08,Devil = new male,none,24 weeks,80,14.42884194,923.445884,Preg7,6.828112199,small,Low,3rd_Trimester,44,7.607142857,-0.527583567,-1.065315323
Preg_22,ID_18,D,M,multi,4/30/10,10/29/10,10,29,10,0.065,4434,10/21/10,10,2010,1462.368056,174,6/17/08,Devil = new male,none,24 weeks,80,13.60178696,1004.439652,Preg7,6.912185105,small,Low,3rd_Trimester,43.9,7.557142857,-0.528149217,-1.106609248
Preg_22,ID_18,D,M,multi,4/30/10,10/29/10,10,29,10,0.068,4454,10/24/10,10,2010,1462.415278,177,6/17/08,Devil = new male,none,24 weeks,80,16.63944428,1174.549008,Preg7,7.06863953,small,Low,3rd_Trimester,42.6,7.496428571,-0.535502678,-1.156751871
Preg_22,ID_18,D,M,multi,4/30/10,10/29/10,10,29,10,0.066,4457,10/25/10,10,2010,1462.366667,178,6/17/08,Devil = new male,none,24 weeks,80,11.3458343,825.1515858,Preg7,6.71556711,small,Low,3rd_Trimester,42.6,7.492857143,-0.535502678,-1.159701436
Preg_22,ID_18,D,M,multi,4/30/10,10/29/10,10,29,10,0.069,4466,10/26/10,10,2010,1462.407639,179,6/17/08,Devil = new male,none,24 weeks,80,11.97035014,832.7200095,Preg7,6.724697463,small,Low,3rd_Trimester,42.1,7.528571429,-0.538330933,-1.130205776
Preg_22,ID_18,D,M,multi,4/30/10,10/29/10,10,29,10,0.064,4470,10/27/10,10,2010,1462.347917,180,6/17/08,Devil = new male,none,24 weeks,80,13.57774793,1018.331094,Preg7,6.925920384,small,Low,3rd_Trimester,41.8,7.510714286,-0.540027885,-1.144953606
Preg_22,ID_18,D,M,multi,4/30/10,10/29/10,10,29,10,0.07,4479,10/29/10,10,2010,1462.425,182,6/17/08,Devil = new male,none,26 weeks,80,14.21299822,974.6055922,Preg7,6.882032868,small,Low,3rd_Trimester,31,7.492857143,-0.601118176,-1.159701436
Preg_22,ID_18,D,M,multi,4/30/10,10/29/10,10,29,10,0.067,3968,7/22/10,7,2010,1462.367361,83,6/17/08,Devil = new male,none,12 weeks,80,14.26863982,1022.230912,Preg8,6.929742687,small,Low,2nd_Trimester,218.5,8.585714286,0.459477149,-0.257134226
Preg_23,ID_18,D,M,multi,11/27/12,5/28/13,5,28,13,0.133,8789,3/15/13,3,2013,12:10,108,6/17/08,Devil = new male,none,16 weeks,80,11.44896382,413.1956868,Preg2,6.023921299,small,High,2nd_Trimester,16.2,9.613793103,-0.6848345,0.591933958
Preg_23,ID_18,D,M,multi,11/27/12,5/28/13,5,28,13,0.058,8849,4/1/13,4,2013,8:36,125,6/17/08,Devil = new male,none,18 weeks,80,8.36280092,692.0938692,Preg9B,6.539721596,small,High,3rd_Trimester,16.2,9.242857143,-0.6848345,0.285585927
Preg_23,ID_18,D,M,multi,11/27/12,5/28/13,5,28,13,0.127,9096,5/7/13,5,2013,10:10,161,6/17/08,Devil = new male,none,22 weeks,80,30.02790823,1134.913067,Preg9B,7.034311334,small,High,3rd_Trimester,32.5,9.892307692,-0.592633413,0.821953167
Preg_24,ID_18,D,M,multi,4/25/07,10/24/07,10,24,7,0.107,765,5/4/07,5,2007,1462.357639,9,6/17/08,Devil = new male,6mo+,2 weeks,80,13.58778989,609.5457147,Preg14,6.41271395,small,High,1st_Trimester,57.9,8.046666667,-0.4489581,-0.702322061
Preg_24,ID_18,D,M,multi,4/25/07,10/24/07,10,24,7,0.085,795,6/8/07,6,2007,1462.436806,44,6/17/08,Devil = new male,6mo+,6 weeks,80,20.45909789,1155.337292,Preg14,7.052147608,small,High,1st_Trimester,85.9,8.83125,-0.290575865,-0.05435156
Preg_24,ID_18,D,M,multi,4/25/07,10/24/07,10,24,7,0.066,841,7/10/07,7,2007,1462.392361,76,6/17/08,Devil = new male,6mo+,10 weeks,80,14.01574544,1019.326941,Preg14,6.926897827,small,High,2nd_Trimester,487.8,7.5,1.98277486,-1.153802304
Preg_24,ID_18,D,M,multi,4/25/07,10/24/07,10,24,7,0.042,888,8/8/07,8,2007,1462.440972,105,6/17/08,Devil = new male,6mo+,14 weeks,80,5.693069225,650.6364829,Preg14,6.477951088,small,High,2nd_Trimester,377.7,7.1,1.359993285,-1.484153702
Preg_24,ID_18,D,M,multi,4/25/07,10/24/07,10,24,7,0.08,959,10/6/07,10,2007,1462.411111,164,6/17/08,Devil = new male,6mo+,22 weeks,80,10.79985132,647.991079,Preg14,6.473876929,small,High,3rd_Trimester,147.9,7.5,0.060127656,-1.153802304
Preg_24,ID_18,D,M,multi,4/25/07,10/24/07,10,24,7,0.063,913,9/1/07,9,2007,1462.441667,129,6/17/08,Devil = new male,6mo+,18 weeks,80,11.29920819,860.8920529,Preg20B,6.757969122,small,High,3rd_Trimester,255.5,7.457142857,0.668767959,-1.189197097
Preg_25,ID_19,D,F,primi,11/24/06,5/25/07,5,25,7,0.12,756,5/2/07,5,2007,1462.472222,159,6/17/08,Devil = new male,6mo+,22 weeks,80,29.22547583,1169.019033,Preg14,7.063920243,small,High,3rd_Trimester,56.9,8.103333333,-0.454614608,-0.65552228
Preg_25,ID_19,D,F,primi,11/24/06,5/25/07,5,25,7,0.077,679,4/16/07,4,2007,1462.368056,143,6/17/08,Devil = new male,6mo+,20 weeks,80,10.03245086,625.3995341,Preg1B,6.4383907,small,High,3rd_Trimester,42.7,8.229032258,-0.534937028,-0.551710242
Preg_26,ID_19,D,F,multi,3/5/09,9/3/09,9,3,9,0.068,2085,3/6/09,3,2009,1462.421528,1,6/17/08,Devil = new male,none,-2 weeks,80,14.27375654,1007.559285,Preg18,6.915286136,medium,High,1st_Trimester,0.6,8.911111111,-0.773076031,0.011604014
Preg_26,ID_19,D,F,multi,3/5/09,9/3/09,9,3,9,0.076,2160,3/21/09,3,2009,1462.423611,16,6/17/08,Devil = new male,none,2 weeks,80,11.91847816,752.7459893,Preg18,6.623727839,medium,High,1st_Trimester,31.8,9.064285714,-0.596592969,0.138107624
Preg_26,ID_19,D,F,multi,3/5/09,9/3/09,9,3,9,0.075,2204,3/28/09,3,2009,1462.388889,23,6/17/08,Devil = new male,none,4 weeks,80,16.63178633,1064.434325,Preg18,6.970198787,medium,High,1st_Trimester,38.8,9.335714286,-0.55699741,0.362274644
Preg_26,ID_19,D,F,multi,3/5/09,9/3/09,9,3,9,0.061,2240,4/4/09,4,2009,1462.354167,30,6/17/08,Devil = new male,none,4 weeks,80,26.94215749,2120.038622,Preg18,7.659189585,medium,High,1st_Trimester,38.7,9.166666667,-0.557563061,0.222661851
Preg_26,ID_19,D,F,multi,3/5/09,9/3/09,9,3,9,0.072,2395,4/15/09,4,2009,1462.473611,41,6/17/08,Devil = new male,none,6 weeks,80,14.91994434,828.8857964,Preg19B,6.720082385,medium,High,1st_Trimester,44.9,9.277777778,-0.522492709,0.314426128
Preg_26,ID_19,D,F,multi,3/5/09,9/3/09,9,3,9,0.074,2555,5/21/09,5,2009,1462.399306,77,6/17/08,Devil = new male,none,12 weeks,80,9.975379097,647.0516171,Preg19B,6.47242607,medium,High,2nd_Trimester,9.4,10.25862069,-0.723298757,1.124483194
Preg_26,ID_19,D,F,multi,3/5/09,9/3/09,9,3,9,0.088,2714,7/1/09,7,2009,1462.406944,118,6/17/08,Devil = new male,none,16 weeks,80,19.81174361,900.5338006,Preg19B,6.802987699,small,High,2nd_Trimester,202.2,10.9,0.367276062,1.654184572
Preg_26,ID_19,D,F,multi,3/5/09,9/3/09,9,3,9,0.076,2778,7/24/09,7,2009,1462.390278,141,6/17/08,Devil = new male,none,20 weeks,80,15.46068476,813.7202507,Preg19B,6.701616635,small,High,3rd_Trimester,491.4,11.2125,2.00313829,1.912271601
Preg_26,ID_19,D,F,multi,3/5/09,9/3/09,9,3,9,0.047,2890,8/7/09,8,2009,1462.357639,155,6/17/08,Devil = new male,none,22 weeks,80,11.16441799,1140.19588,Preg19B,7.038955351,small,High,3rd_Trimester,320.7,9.991304348,1.037572307,0.903712377
Preg_26,ID_19,D,F,multi,3/5/09,9/3/09,9,3,9,0.105,2211,3/30/09,3,2009,1462.390972,25,6/17/08,Devil = new male,none,4 weeks,80,23.25311093,1062.999357,Preg2,6.968849773,medium,High,1st_Trimester,38.7,9.255555556,-0.557563061,0.296073273
Preg_26,ID_19,D,F,multi,3/5/09,9/3/09,9,3,9,0.105,2319,4/9/09,4,2009,1462.472222,35,6/17/08,Devil = new male,none,6 weeks,80,19.84864601,907.3666747,Preg2,6.81054664,medium,High,1st_Trimester,38.1,9.262962963,-0.560956966,0.302190891
Preg_26,ID_19,D,F,multi,3/5/09,9/3/09,9,3,9,0.074,2468,4/30/09,4,2009,1462.384028,56,6/17/08,Devil = new male,none,8 weeks,80,11.95593666,775.5202159,Preg2,6.65353405,medium,High,1st_Trimester,7.9,9.742307692,-0.73178352,0.698071393
Preg_26,ID_19,D,F,multi,3/5/09,9/3/09,9,3,9,0.088,2613,6/2/09,6,2009,1462.418056,89,6/17/08,Devil = new male,none,12 weeks,80,19.92642165,1086.895726,Preg2,6.991080954,small,High,2nd_Trimester,19.3,10.11,-0.667299324,1.001740563
Preg_26,ID_19,D,F,multi,3/5/09,9/3/09,9,3,9,0.074,2685,6/25/09,6,2009,8:42,112,6/17/08,Devil = new male,none,16 weeks,80,29.07485439,1885.936501,Preg2,7.542179794,small,High,2nd_Trimester,83.2,10.6516129,-0.305848437,1.449047008
Preg_26,ID_19,D,F,multi,3/5/09,9/3/09,9,3,9,0.097,2753,7/19/09,7,2009,1462.435417,136,6/17/08,Devil = new male,none,18 weeks,80,13.04822623,645.6854216,Preg2,6.470312422,small,High,3rd_Trimester,438.8,11.38333333,1.705605949,2.053359175
Preg_26,ID_19,D,F,multi,3/5/09,9/3/09,9,3,9,0.063,2842,7/29/09,7,2009,1462.509722,146,6/17/08,Devil = new male,none,20 weeks,80,5.593007965,426.1339402,Preg2,6.05475371,small,High,3rd_Trimester,451.4,10.825,1.776877954,1.592243685
Preg_26,ID_19,D,F,multi,3/5/09,9/3/09,9,3,9,0.078,2524,5/14/09,5,2009,1462.463194,70,6/17/08,Devil = new male,none,10 weeks,80,10.43219291,641.9811021,Preg20B,6.464558867,medium,High,2nd_Trimester,7.4,10.21538462,-0.734611774,1.088775454
Preg_26,ID_19,D,F,multi,3/5/09,9/3/09,9,3,9,0.093,2129,3/13/09,3,2009,1462.420833,8,6/17/08,Devil = new male,none,2 weeks,80,12.66573756,653.7154869,Preg4B,6.482672221,medium,High,1st_Trimester,1.3,9.155172414,-0.769116475,0.213168995
Preg_27,ID_20,D,F,multi,12/24/12,6/24/13,6,24,13,0.056,8501,1/12/13,1,2013,11:18,19,6/17/08,Devil = new male,none,4 weeks,80,20.23328406,1734.281491,Preg8,7.45834848,small,Low,1st_Trimester,1.3,6.453333333,-0.769116475,-2.018221794
Preg_27,ID_20,D,F,multi,12/24/12,6/24/13,6,24,13,0.106,8577,2/1/13,2,2013,9:01,39,6/17/08,Devil = new male,none,6 weeks,80,30.56266275,1383.969634,Preg9B,7.232711195,small,Low,1st_Trimester,0,7.526923077,-0.776469936,-1.131567114
Preg_27,ID_20,D,F,multi,12/24/12,6/24/13,6,24,13,0.075,8810,3/22/13,3,2013,8:54,88,6/17/08,Devil = new male,none,12 weeks,80,21.14535506,1353.302724,Preg9B,7.210303346,small,Low,2nd_Trimester,16.2,9.565517241,-0.6848345,0.552063962
Preg_27,ID_20,D,F,multi,12/24/12,6/24/13,6,24,13,0.093,8928,4/11/13,4,2013,9:44,108,6/17/08,Devil = new male,none,16 weeks,80,33.62142078,1735.299137,Preg9B,7.458935091,small,Low,2nd_Trimester,11.1,9.1,-0.713682693,0.167603285
Preg_27,ID_20,D,F,multi,12/24/12,6/24/13,6,24,13,0.062,9086,5/3/13,5,2013,9:36,130,6/17/08,Devil = new male,none,18 weeks,80,20.51786021,1588.479501,Preg9B,7.370532549,small,Low,3rd_Trimester,35.2,9.914814815,-0.577360841,0.840541316
Preg_27,ID_20,D,F,multi,12/24/12,6/24/13,6,24,13,0.06,9283,6/4/13,6,2013,11:51,162,6/17/08,Devil = new male,none,22 weeks,80,28.29107756,2263.286205,Preg9B,7.724573109,small,Low,3rd_Trimester,100.1,13.97777778,-0.210253446,4.196055047
Preg_31,ID_24,K,M,multi,2/27/10,8/28/10,8,28,10,0.037,3399,3/2/10,3,2010,1462.393056,3,4/5/09,Houdini = new male,none,2 weeks,80,5.151723077,668.3316425,Preg16,6.504784521,small,High,1st_Trimester,0,8.410344828,-0.776469936,-0.40196809
Preg_31,ID_24,K,M,multi,2/27/10,8/28/10,8,28,10,0.054,3708,5/12/10,5,2010,1462.436111,74,4/5/09,Houdini = new male,none,10 weeks,80,18.26193471,1623.283086,Preg4B,7.392205974,small,High,2nd_Trimester,57,9.98,-0.454048957,0.894376359
Preg_31,ID_24,K,M,multi,2/27/10,8/28/10,8,28,10,0.078,3498,4/2/10,4,2010,9:18,34,4/5/09,Houdini = new male,none,6 weeks,80,13.2380376,814.6484676,Preg5B,6.702756692,small,High,1st_Trimester,61.2,8.792,-0.430291622,-0.086767291
Preg_31,ID_24,K,M,multi,2/27/10,8/28/10,8,28,10,0.029,4006,7/28/10,7,2010,1462.434722,151,4/5/09,Houdini = new male,none,20 weeks,80,14.10336631,2334.350285,Preg6,7.755488881,small,High,3rd_Trimester,379.9,7.8,1.372437604,-0.906038756
Preg_31,ID_24,K,M,multi,2/27/10,8/28/10,8,28,10,0.051,3839,6/5/10,6,2010,1462.343056,98,4/5/09,Houdini = new male,none,14 weeks,80,9.544740504,898.328518,Preg8,6.800535834,small,High,2nd_Trimester,160.8,10.39677419,0.133096614,1.238581199
Preg_32,ID_24,K,F,multi,5/12/12,11/10/12,11,10,12,0.045,7775,9/4/12,9,2012,1462.408333,115,4/5/09,Houdini = new male,none,16 weeks,80,8.399656086,895.9633159,Preg4B,6.79789947,small,High,2nd_Trimester,370.9,7.956666667,1.321529028,-0.776651126
Preg_32,ID_24,K,F,multi,5/12/12,11/10/12,11,10,12,0.08,7961,10/4/12,10,2012,1462.520833,145,4/5/09,Houdini = new male,none,20 weeks,80,17.4563424,1047.380544,Preg8,6.954047606,small,High,3rd_Trimester,169.8,8.965384615,0.18400519,0.056427333
Preg_32,ID_24,K,F,multi,5/12/12,11/10/12,11,10,12,0.076,8169,11/6/12,11,2012,11:02,178,4/5/09,Houdini = new male,none,24 weeks,80,16.13501984,1019.053885,Preg8,6.926629912,small,High,3rd_Trimester,64.1,7.242857143,-0.413887748,-1.36617106
Preg_33,ID_25,K,M,multi,11/20/09,5/21/10,5,21,10,0.047,3269,1/28/10,1,2010,1462.355556,69,4/5/09,Houdini = new male,none,10 weeks,80,11.15536207,1139.27102,Preg16,7.038143881,small,High,2nd_Trimester,28.7,7.211111111,-0.614128145,-1.392389425
Preg_33,ID_25,K,M,multi,11/20/09,5/21/10,5,21,10,0.035,3402,3/2/10,3,2010,1462.423611,102,4/5/09,Houdini = new male,none,14 weeks,80,4.132300061,566.7154369,Preg3,6.339857303,small,High,2nd_Trimester,0,8.410344828,-0.776469936,-0.40196809
Preg_33,ID_25,K,M,multi,11/20/09,5/21/10,5,21,10,0.074,3493,4/2/10,4,2010,1462.358333,133,4/5/09,Houdini = new male,none,18 weeks,80,16.03995012,1040.429197,Preg3,6.947388596,small,High,3rd_Trimester,61.2,8.792,-0.430291622,-0.086767291
Preg_33,ID_25,K,M,multi,11/20/09,5/21/10,5,21,10,0.056,3706,5/12/10,5,2010,1462.423611,173,4/5/09,Houdini = new male,none,24 weeks,80,18.20691486,1560.592702,Preg4B,7.352820965,small,High,3rd_Trimester,57,9.98,-0.454048957,0.894376359
Preg_35,ID_27,M1,F,multi,3/4/14,9/2/14,9,2,14,0.08,11846,6/3/14,6,2014,9:47,91,4/22/08,Bubba = new male,none,12 weeks,80,10.32486255,619.4917533,Preg15,6.428899389,large,High,2nd_Trimester,367.5,8.916,1.3022969,0.015641642
Preg_35,ID_27,M1,F,multi,3/4/14,9/2/14,9,2,14,0.077,11679,5/5/14,5,2014,9:25,62,4/22/08,Bubba = new male,none,10 weeks,80,12.24555383,763.3591998,Preg17,6.637728694,large,High,1st_Trimester,86.5,9.107142857,-0.28718196,0.173502417
Preg_35,ID_27,M1,F,multi,3/4/14,9/2/14,9,2,14,0.079,11362,3/26/14,3,2014,11:23,22,4/22/08,Bubba = new male,none,4 weeks,80,14.81574783,900.1973365,Preg20B,6.802614002,large,High,1st_Trimester,87.4,8.263333333,-0.282091102,-0.523381722
Preg_35,ID_27,M1,F,multi,3/4/14,9/2/14,9,2,14,0.066,11584,4/24/14,4,2014,1:15,51,4/22/08,Bubba = new male,none,8 weeks,80,11.02396789,801.7431194,Preg20B,6.686788257,large,High,1st_Trimester,29.5,9.159259259,-0.609602938,0.216544232
Preg_35,ID_27,M1,F,multi,3/4/14,9/2/14,9,2,14,0.073,11745,5/15/14,5,2014,11:43,72,4/22/08,Bubba = new male,none,10 weeks,80,8.855704147,582.2928754,Preg3,6.366973543,large,High,2nd_Trimester,236.5,9.08,0.5612943,0.151085715
Preg_36,ID_28,M1,F,multi,3/22/14,9/20/14,9,20,14,0.064,11368,3/26/14,3,2014,12:58,4,4/22/08,Bubba = new male,none,2 weeks,80,11.3154836,848.6612699,Preg12,6.743660131,large,Low,1st_Trimester,87.4,8.263333333,-0.282091102,-0.523381722
Preg_36,ID_28,M1,F,multi,3/22/14,9/20/14,9,20,14,0.081,11688,5/5/14,5,2014,11:48,44,4/22/08,Bubba = new male,none,6 weeks,80,22.93349144,1359.021715,Preg13,7.214520393,large,Low,1st_Trimester,86.5,9.107142857,-0.28718196,0.173502417
Preg_36,ID_28,M1,F,multi,3/22/14,9/20/14,9,20,14,0.055,11747,5/15/14,5,2014,11:47,54,4/22/08,Bubba = new male,none,8 weeks,80,15.36743601,1341.158052,Preg13,7.201288738,large,Low,1st_Trimester,236.5,9.08,0.5612943,0.151085715
Preg_36,ID_28,M1,F,multi,3/22/14,9/20/14,9,20,14,0.087,11850,6/3/14,6,2014,11:31,73,4/22/08,Bubba = new male,none,10 weeks,80,23.39892907,1290.975397,Preg15,7.163153333,large,Low,2nd_Trimester,367.5,8.916,1.3022969,0.015641642
Preg_36,ID_28,M1,F,multi,3/22/14,9/20/14,9,20,14,0.045,11953,6/13/14,6,2014,10:45,83,4/22/08,Bubba = new male,none,12 weeks,80,8.725126939,930.6802068,Preg15,6.835915724,large,Low,2nd_Trimester,304.5,8.914285714,0.945936871,0.01422585
Preg_36,ID_28,M1,F,multi,3/22/14,9/20/14,9,20,14,0.06,11576,4/24/14,4,2014,1:05,33,4/22/08,Bubba = new male,none,6 weeks,80,12.0909318,967.2745441,Preg20B,6.874482368,large,Low,1st_Trimester,29.5,9.159259259,-0.609602938,0.216544232
Preg_39,ID_31,R,F,multi,4/27/10,10/26/10,10,26,10,0.073,3729,5/14/10,5,2010,1462.365278,17,1/31/06,Leba = new male,none,4 weeks,80,20.74337121,1363.947696,Preg7,7.218138492,medium,High,1st_Trimester,56.1,10.07,-0.459139815,0.968705423
Preg_40,ID_32,R,M,multi,2/25/10,8/26/10,8,26,10,0.076,3484,4/1/10,4,2010,1462.414583,35,1/31/06,Leba = new male,none,6 weeks,80,22.91948623,1447.546499,Preg17,7.277625333,medium,Low,1st_Trimester,60.5,8.712,-0.434251178,-0.152837571
Preg_40,ID_32,R,M,multi,2/25/10,8/26/10,8,26,10,0.056,3727,5/14/10,5,2010,1462.363889,78,1/31/06,Leba = new male,none,12 weeks,80,31.89292286,2733.679102,Preg7,7.913403637,medium,Low,2nd_Trimester,56.1,10.07,-0.459139815,0.968705423
Preg_45,ID_37,V,F,multi,6/1/14,11/30/14,11,30,14,0.059,11822,6/2/14,6,2014,11:38,1,2/18/11,Quasi = new male,none,-2 weeks,80,11.35870111,924.0977174,Preg13,6.828817821,medium,High,1st_Trimester,367.5,8.884,1.3022969,-0.01078647
Preg_45,ID_37,V,F,multi,6/1/14,11/30/14,11,30,14,0.031,11924,6/9/14,6,2014,11:21,8,2/18/11,Quasi = new male,none,2 weeks,80,4.990377755,772.7036524,Preg20B,6.649895602,medium,High,1st_Trimester,309.5,8.978571429,0.974219413,0.067318039
Preg_46,ID_37,V,M,multi,2/7/09,8/8/09,8,8,9,0.046,2020,2/23/09,2,2009,1462.413194,16,2/18/11,Quasi = new male,6mo+,2 weeks,80,7.748724557,808.5625625,Preg17,6.695258057,medium,High,1st_Trimester,0.5,10.22307692,-0.773641682,1.095128359
Preg_46,ID_37,V,M,multi,2/7/09,8/8/09,8,8,9,0.063,2032,2/25/09,2,2009,1462.338889,18,2/18/11,Quasi = new male,6mo+,4 weeks,80,19.70552744,1501.373519,Preg18,7.314135647,medium,High,1st_Trimester,0.5,10.48076923,-0.773641682,1.307950896
Preg_46,ID_37,V,M,multi,2/7/09,8/8/09,8,8,9,0.078,2079,3/6/09,3,2009,1462.395833,27,2/18/11,Quasi = new male,6mo+,4 weeks,80,12.70058073,781.5741985,Preg18,6.661310089,medium,High,1st_Trimester,0.6,8.911111111,-0.773076031,0.011604014
Preg_46,ID_37,V,M,multi,2/7/09,8/8/09,8,8,9,0.08,2126,3/13/09,3,2009,1462.373611,34,2/18/11,Quasi = new male,6mo+,6 weeks,80,13.16525162,789.9150969,Preg18,6.671925467,medium,High,1st_Trimester,1.3,9.155172414,-0.769116475,0.213168995
Preg_46,ID_37,V,M,multi,2/7/09,8/8/09,8,8,9,0.048,2239,4/4/09,4,2009,1462.35,56,2/18/11,Quasi = new male,6mo+,8 weeks,80,13.11599319,1311.599319,Preg18,7.179002526,medium,High,1st_Trimester,38.7,9.166666667,-0.557563061,0.222661851
Preg_46,ID_37,V,M,multi,2/7/09,8/8/09,8,8,9,0.066,2315,4/9/09,4,2009,1462.417361,61,2/18/11,Quasi = new male,6mo+,8 weeks,80,21.36493213,1553.813246,Preg18,7.348467347,medium,High,1st_Trimester,38.1,9.262962963,-0.560956966,0.302190891
Preg_46,ID_37,V,M,multi,2/7/09,8/8/09,8,8,9,0.061,2371,4/14/09,4,2009,1462.389583,66,2/18/11,Quasi = new male,6mo+,10 weeks,80,9.813505443,772.2102644,Preg19B,6.649256876,medium,High,2nd_Trimester,44.9,9.255555556,-0.522492709,0.296073273
Preg_46,ID_37,V,M,multi,2/7/09,8/8/09,8,8,9,0.052,2397,4/16/09,4,2009,1462.355556,68,2/18/11,Quasi = new male,6mo+,10 weeks,80,12.37648195,952.037073,Preg19B,6.858603976,medium,High,2nd_Trimester,44.9,9.359259259,-0.522492709,0.381719931
Preg_46,ID_37,V,M,multi,2/7/09,8/8/09,8,8,9,0.036,2429,4/27/09,4,2009,1462.345139,79,2/18/11,Quasi = new male,6mo+,12 weeks,80,7.548163992,1006.421866,Preg19B,6.914156613,medium,High,2nd_Trimester,8.9,9.48,-0.726127011,0.481437112
Preg_46,ID_37,V,M,multi,2/7/09,8/8/09,8,8,9,0.042,2506,5/11/09,5,2009,1462.353472,93,2/18/11,Quasi = new male,6mo+,14 weeks,80,5.178553974,591.8347399,Preg19B,6.38322744,medium,High,2nd_Trimester,1.3,10.35769231,-0.769116475,1.206304314
Preg_46,ID_37,V,M,multi,2/7/09,8/8/09,8,8,9,0.069,2185,3/25/09,3,2009,1462.375,46,2/18/11,Quasi = new male,6mo+,6 weeks,80,16.32687791,1135.782811,Preg2,7.035077394,medium,High,1st_Trimester,31.8,9.35,-0.596592969,0.374072908
Preg_46,ID_37,V,M,multi,2/7/09,8/8/09,8,8,9,0.092,2260,4/5/09,4,2009,1462.4375,57,2/18/11,Quasi = new male,6mo+,8 weeks,80,22.92807415,1196.247347,Preg2,7.086944725,medium,High,1st_Trimester,38.7,9.162962963,-0.557563061,0.219603042
Preg_46,ID_37,V,M,multi,2/7/09,8/8/09,8,8,9,0.092,2265,4/6/09,4,2009,1462.352778,58,2/18/11,Quasi = new male,6mo+,8 weeks,80,27.03642837,1410.596263,Preg2,7.251767776,medium,High,1st_Trimester,38.7,9.151851852,-0.557563061,0.210426614
Preg_46,ID_37,V,M,multi,2/7/09,8/8/09,8,8,9,0.091,2030,2/24/09,2,2009,1462.353472,17,2/18/11,Quasi = new male,6mo+,4 weeks,80,8.409071389,443.5554139,Preg4B,6.094822741,medium,High,1st_Trimester,0.5,10.33846154,-0.773641682,1.190422035
Preg_46,ID_37,V,M,multi,2/7/09,8/8/09,8,8,9,0.085,2007,2/20/09,2,2009,1462.443056,13,2/18/11,Quasi = new male,6mo+,2 weeks,80,9.663182791,545.6856164,Preg7,6.302043016,medium,High,1st_Trimester,0.5,9.957692308,-0.773641682,0.875952916
Preg_48,ID_38,V,F,multi,6/26/13,12/25/13,12,25,13,0.108,10223,10/12/13,10,2013,9:05,108,2/18/11,Quasi = new male,none,16 weeks,80,21.47747038,954.5542391,Preg10,6.861244466,medium,High,2nd_Trimester,233.8,7.495652174,0.546021727,-1.15739308
Preg_48,ID_38,V,F,multi,6/26/13,12/25/13,12,25,13,0.037,10531,11/11/13,11,2013,9:02,138,2/18/11,Quasi = new male,none,20 weeks,80,6.685348934,867.2885104,Preg10,6.76537169,medium,High,3rd_Trimester,33.1,7.096666667,-0.589239508,-1.48690663
Preg_48,ID_38,V,F,multi,6/26/13,12/25/13,12,25,13,0.072,10809,12/13/13,12,2013,10:45,170,2/18/11,Quasi = new male,none,24 weeks,80,22.28776819,1485.851213,Preg10,7.303743094,medium,High,3rd_Trimester,44.3,6.281481481,-0.525886614,-2.160150543
Preg_48,ID_38,V,F,multi,6/26/13,12/25/13,12,25,13,0.073,10383,11/1/13,11,2013,8:41,128,2/18/11,Quasi = new male,none,18 weeks,80,14.01224849,921.3533252,Preg5B,6.825843595,medium,High,3rd_Trimester,105.3,7.161538462,-0.180839602,-1.433330409
Preg_48,ID_38,V,F,multi,6/26/13,12/25/13,12,25,13,0.07,9835,8/22/13,8,2013,11:44,57,2/18/11,Quasi = new male,none,8 weeks,80,18.99578867,1302.568366,Preg9B,7.172093261,medium,High,1st_Trimester,485.9,7.992592593,1.972027494,-0.746980676
Preg_48,ID_38,V,F,multi,6/26/13,12/25/13,12,25,13,0.057,9926,9/2/13,9,2013,10:45,68,2/18/11,Quasi = new male,none,10 weeks,80,10.99385082,925.7979637,Preg9B,6.830656029,medium,High,2nd_Trimester,339.2,8.044444444,1.142217712,-0.704157347
Preg_48,ID_38,V,F,multi,6/26/13,12/25/13,12,25,13,0.078,10113,10/1/13,10,2013,9:36,97,2/18/11,Quasi = new male,none,14 weeks,80,29.24535561,1799.714191,Preg9B,7.495383148,medium,High,2nd_Trimester,301.5,7.819230769,0.928967346,-0.890156478
Preg_50,ID_40,V,F,multi,3/19/14,9/17/14,9,17,14,0.071,11336,3/24/14,3,2014,10:05,5,2/18/11,Quasi = new male,none,2 weeks,80,34.28503454,2317.86149,Preg12,7.748400268,medium,Low,1st_Trimester,87.4,8.264285714,-0.282091102,-0.522595171
Preg_50,ID_40,V,F,multi,3/19/14,9/17/14,9,17,14,0.062,11427,4/2/14,4,2014,11:30,14,2/18/11,Quasi = new male,none,2 weeks,80,13.00013121,1006.461771,Preg12,6.914196262,medium,Low,1st_Trimester,81.8,8.372413793,-0.313767549,-0.433294516
Preg_50,ID_40,V,F,multi,3/19/14,9/17/14,9,17,14,0.062,11465,4/7/14,4,2014,11:17,19,2/18/11,Quasi = new male,none,4 weeks,80,11.85004794,917.423066,Preg12,6.821568725,medium,Low,1st_Trimester,53.2,8.551724138,-0.475543689,-0.285205958
Preg_50,ID_40,V,F,multi,3/19/14,9/17/14,9,17,14,0.056,11521,4/15/14,4,2014,10:26,27,2/18/11,Quasi = new male,none,4 weeks,80,12.70796225,1089.253907,Preg13,6.993248252,medium,Low,1st_Trimester,30.7,8.975862069,-0.602815128,0.065080437
Preg_50,ID_40,V,F,multi,3/19/14,9/17/14,9,17,14,0.084,11625,5/1/14,5,2014,11:46,43,2/18/11,Quasi = new male,none,6 weeks,80,27.43708613,1567.833493,Preg13,7.357450005,medium,Low,1st_Trimester,86.5,9.103448276,-0.28718196,0.170451142
Preg_50,ID_40,V,F,multi,3/19/14,9/17/14,9,17,14,0.033,11776,5/19/14,5,2014,12:20,61,2/18/11,Quasi = new male,none,8 weeks,80,13.04352129,1897.239461,Preg13,7.548155193,medium,Low,1st_Trimester,295,9.008,0.892200041,0.091622463
Preg_50,ID_40,V,F,multi,3/19/14,9/17/14,9,17,14,0.028,11811,5/26/14,5,2014,11:30,68,2/18/11,Quasi = new male,none,10 weeks,80,9.324540883,1598.492723,Preg13,7.376816416,medium,Low,2nd_Trimester,375.5,8.859259259,1.347548967,-0.031219316
Preg_50,ID_40,V,F,multi,3/19/14,9/17/14,9,17,14,0.036,11847,6/3/14,6,2014,9:55,76,2/18/11,Quasi = new male,none,10 weeks,80,33.15575127,4420.766836,Preg15,8.394068452,medium,Low,2nd_Trimester,367.5,8.916,1.3022969,0.015641642
Preg_50,ID_40,V,F,multi,3/19/14,9/17/14,9,17,14,0.058,11555,4/23/14,4,2014,10:26,35,2/18/11,Quasi = new male,none,6 weeks,80,17.4505658,1444.184756,Preg20B,7.275300259,medium,Low,1st_Trimester,26.5,9.144444444,-0.626572464,0.204308995
Preg_50,ID_40,V,F,multi,3/19/14,9/17/14,9,17,14,0.079,11700,5/11/14,5,2014,10:15,53,2/18/11,Quasi = new male,none,8 weeks,80,16.13359324,980.2689565,Preg20B,6.887826979,medium,Low,1st_Trimester,203.5,8.94,0.374629523,0.035462726
Preg_50,ID_40,V,F,multi,3/19/14,9/17/14,9,17,14,0.097,11930,6/10/14,6,2014,11:30,83,2/18/11,Quasi = new male,none,12 weeks,80,25.03752052,1238.970087,Preg20B,7.122035738,medium,Low,2nd_Trimester,292.5,8.932142857,0.87805877,0.02897368
Preg_51,ID_41,V,F,multi,4/10/14,10/9/14,10,9,14,0.1,11550,4/22/14,4,2014,9:57,12,2/18/11,Quasi = new male,none,2 weeks,80,21.6630813,1039.827902,Preg13,6.9468105,medium,Low,1st_Trimester,26.5,9.148148148,-0.626572464,0.207367805
Preg_51,ID_41,V,F,multi,4/10/14,10/9/14,10,9,14,0.082,11611,5/1/14,5,2014,10:58,21,2/18/11,Quasi = new male,none,4 weeks,80,23.29056885,1363.350372,Preg13,7.217700458,medium,Low,1st_Trimester,86.5,9.103448276,-0.28718196,0.170451142
Preg_51,ID_41,V,F,multi,4/10/14,10/9/14,10,9,14,0.039,11753,5/15/14,5,2014,12:20,35,2/18/11,Quasi = new male,none,6 weeks,80,16.58736899,2041.522337,Preg13,7.621451052,medium,Low,1st_Trimester,236.5,9.08,0.5612943,0.151085715
Preg_51,ID_41,V,F,multi,4/10/14,10/9/14,10,9,14,0.042,11779,5/19/14,5,2014,12:34,39,2/18/11,Quasi = new male,none,6 weeks,80,24.00377237,2743.288271,Preg13,7.916912579,medium,Low,1st_Trimester,295,9.008,0.892200041,0.091622463
Preg_51,ID_41,V,F,multi,4/10/14,10/9/14,10,9,14,0.091,11807,5/26/14,5,2014,10:14,46,2/18/11,Quasi = new male,none,6 weeks,80,21.87340116,1153.76182,Preg13,7.050783031,medium,Low,1st_Trimester,375.5,8.859259259,1.347548967,-0.031219316
Preg_51,ID_41,V,F,multi,4/10/14,10/9/14,10,9,14,0.055,11819,6/2/14,6,2014,11:30,53,2/18/11,Quasi = new male,none,8 weeks,80,28.0858368,2451.127576,Preg13,7.804303433,medium,Low,1st_Trimester,367.5,8.884,1.3022969,-0.01078647
Preg_51,ID_41,V,F,multi,4/10/14,10/9/14,10,9,14,0.032,11926,6/9/14,6,2014,11:35,60,2/18/11,Quasi = new male,none,8 weeks,80,17.49682292,2624.523438,Preg15,7.872654611,medium,Low,1st_Trimester,309.5,8.978571429,0.974219413,0.067318039
Preg_51,ID_41,V,F,multi,4/10/14,10/9/14,10,9,14,0.14,11533,4/16/14,4,2014,8:15,6,2/18/11,Quasi = new male,none,2 weeks,80,12.74488676,436.9675462,Preg3,6.079858927,medium,Low,1st_Trimester,30.7,9.05862069,-0.602815128,0.133429002
Preg_53,ID_42,V,F,multi,4/4/14,10/3/14,10,3,14,0.046,11466,4/7/14,4,2014,11:37,3,2/18/11,Quasi = new male,none,2 weeks,80,6.483983854,676.5896195,Preg12,6.517064914,medium,Low,1st_Trimester,53.2,8.551724138,-0.475543689,-0.285205958
Preg_53,ID_42,V,F,multi,4/4/14,10/3/14,10,3,14,0.067,11514,4/15/14,4,2014,10:16,11,2/18/11,Quasi = new male,none,2 weeks,80,12.54119015,898.4733243,Preg13,6.800697017,medium,Low,1st_Trimester,30.7,8.975862069,-0.602815128,0.065080437
Preg_53,ID_42,V,F,multi,4/4/14,10/3/14,10,3,14,0.093,11548,4/22/14,4,2014,9:56,18,2/18/11,Quasi = new male,none,4 weeks,80,25.60057403,1321.31995,Preg13,7.186386478,medium,Low,1st_Trimester,26.5,9.148148148,-0.626572464,0.207367805
Preg_53,ID_42,V,F,multi,4/4/14,10/3/14,10,3,14,0.085,11616,5/1/14,5,2014,11:11,27,2/18/11,Quasi = new male,none,4 weeks,80,6.797032013,383.832396,Preg13,5.950205989,medium,Low,1st_Trimester,86.5,9.103448276,-0.28718196,0.170451142
Preg_53,ID_42,V,F,multi,4/4/14,10/3/14,10,3,14,0.047,11702,5/11/14,5,2014,10:20,37,2/18/11,Quasi = new male,none,6 weeks,80,9.349492514,954.8417887,Preg13,6.86154566,medium,Low,1st_Trimester,203.5,8.94,0.374629523,0.035462726
Preg_53,ID_42,V,F,multi,4/4/14,10/3/14,10,3,14,0.044,11778,5/19/14,5,2014,12:33,45,2/18/11,Quasi = new male,none,6 weeks,80,14.53931111,1586.106666,Preg13,7.369037655,medium,Low,1st_Trimester,295,9.008,0.892200041,0.091622463
Preg_53,ID_42,V,F,multi,4/4/14,10/3/14,10,3,14,0.035,11813,5/27/14,5,2014,10:05,53,2/18/11,Quasi = new male,none,8 weeks,80,8.678150488,1190.146353,Preg13,7.081831564,medium,Low,1st_Trimester,376.5,8.796296296,1.353205475,-0.083219073
Preg_53,ID_42,V,F,multi,4/4/14,10/3/14,10,3,14,0.064,11823,6/2/14,6,2014,11:36,59,2/18/11,Quasi = new male,none,8 weeks,80,12.29600938,922.2007031,Preg13,6.826762882,medium,Low,1st_Trimester,367.5,8.884,1.3022969,-0.01078647
Preg_53,ID_42,V,F,multi,4/4/14,10/3/14,10,3,14,0.038,11923,6/9/14,6,2014,11:20,66,2/18/11,Quasi = new male,none,10 weeks,80,9.488914027,1198.599667,Preg3,7.08890921,medium,Low,2nd_Trimester,309.5,8.978571429,0.974219413,0.067318039
Preg_54,ID_43,Z,F,multi,4/17/10,10/16/10,10,16,10,0.043,3942,6/26/10,6,2010,1462.433333,70,4/16/06,Zeus = new male,none,10 weeks,80,12.3452524,1378.074687,Preg20B,7.22844265,medium,High,2nd_Trimester,354.5,9.119354839,1.228762291,0.18358803
Preg_54,ID_43,Z,F,multi,4/17/10,10/16/10,10,16,10,0.051,3791,5/21/10,5,2010,1462.40625,34,4/16/06,Zeus = new male,none,6 weeks,80,30.08038047,2831.094632,Preg5B,7.948418712,medium,High,1st_Trimester,50.1,10.48636364,-0.493078865,1.312571199
Preg_54,ID_43,Z,F,multi,4/17/10,10/16/10,10,16,10,0.09,4001,7/28/10,7,2010,1462.411111,102,4/16/06,Zeus = new male,none,14 weeks,80,7.443358023,396.9790946,Preg6,5.983883621,medium,High,2nd_Trimester,379.9,7.8,1.372437604,-0.906038756
Preg_55,ID_44,Z,F,multi,5/17/13,11/15/13,11,15,13,0.066,10204,10/11/13,10,2013,10:38,147,4/16/06,Zeus = new male,none,20 weeks,80,11.72842175,852.9761271,Preg10,6.74873156,large,High,3rd_Trimester,232.2,7.513636364,0.536971314,-1.142540325
Preg_55,ID_44,Z,F,multi,5/17/13,11/15/13,11,15,13,0.051,10445,11/2/13,11,2013,10:43,169,4/16/06,Zeus = new male,none,24 weeks,80,9.01080578,848.0758382,Preg10,6.742970064,large,High,3rd_Trimester,103.9,7.142307692,-0.188758714,-1.449212689
Preg_55,ID_44,Z,F,multi,5/17/13,11/15/13,11,15,13,0.036,10330,10/21/13,10,2013,8:27,157,4/16/06,Zeus = new male,none,22 weeks,80,9.845639363,1312.751915,Preg5B,7.179880911,large,High,3rd_Trimester,148.3,7.345833333,0.062390259,-1.281125239
Preg_56,ID_45,Z,F,multi,5/7/13,11/5/13,11,5,13,0.035,10207,10/11/13,10,2013,10:44,157,4/16/06,Zeus = new male,none,22 weeks,80,5.521365739,757.2158728,Preg10,6.629648382,large,High,3rd_Trimester,232.2,7.513636364,0.536971314,-1.142540325
Preg_56,ID_45,Z,F,multi,5/7/13,11/5/13,11,5,13,0.029,10328,10/21/13,10,2013,8:22,167,4/16/06,Zeus = new male,none,24 weeks,80,6.027489497,997.6534339,Preg5B,6.905405955,large,High,3rd_Trimester,148.3,7.345833333,0.062390259,-1.281125239
Preg_56,ID_45,Z,F,multi,5/7/13,11/5/13,11,5,13,0.043,10438,11/2/13,11,2013,8:36,179,4/16/06,Zeus = new male,none,24 weeks,80,13.8234095,1543.07827,Preg5B,7.341534577,large,High,3rd_Trimester,103.9,7.142307692,-0.188758714,-1.449212689
Preg_57,ID_46,Z,M,multi,4/18/13,10/17/13,10,17,13,0.055,10198,10/11/13,10,2013,10:28,176,4/16/06,Zeus = new male,none,24 weeks,80,9.414190791,821.6021054,Preg20B,6.711256221,large,Low,3rd_Trimester,232.2,7.513636364,0.536971314,-1.142540325