Preg_num,ID_num,UNIT,INF.SEX,PARITY,CONCEPTION_DATE,BIRTH_DATE,birth_mo,birth_day,birth_yr,dry.wt,SID,SAMPLE_DATE,Month,Year,Time,RIA.GC.ng.g,logRIA,Days_past_conc,biweek,EIA.Dilution,EIA.GC.dose,EIA.GC.ng.g,EIA.Assay,logEIA,repro_state
Preg_1,ID_1,A,F,primi,3/7/10,9/5/10,9,5,10,0.07,3237,12/10/09,12,2009,1462.420833,23.54815919,3.159047651,-87,-12 weeks,80,8.903010434,610.492144,Preg16,6.414265425,PreG_3
Preg_1,ID_1,A,F,primi,3/7/10,9/5/10,9,5,10,0.067,3533,4/5/10,4,2010,1462.441667,18.93909783,2.941228454,29,4 weeks,80,15.24359093,1092.078156,Preg17,6.995837725,1st_Trimester
Preg_1,ID_1,A,F,primi,3/7/10,9/5/10,9,5,10,0.064,3712,5/12/10,5,2010,1462.443056,9.477619469,2.248933174,66,10 weeks,80,24.88365039,1866.273779,Preg4B,7.53169909,2nd_Trimester
Preg_1,ID_1,A,F,primi,3/7/10,9/5/10,9,5,10,0.055,3919,6/14/10,6,2010,1462.4,22.50084177,3.113552721,99,14 weeks,80,24.02289883,2096.543898,Preg5B,7.648045505,2nd_Trimester
Preg_1,ID_1,A,F,primi,3/7/10,9/5/10,9,5,10,0.024,4279,9/30/10,9,2010,11:33,35.55032713,3.570949358,207,28 weeks,80,12.90643071,2581.286141,Preg6,7.856043058,Lactating_3
Preg_1,ID_1,A,F,primi,3/7/10,9/5/10,9,5,10,0.065,4415,10/14/10,10,2010,1462.365278,33.03370635,3.497528445,221,30 weeks,80,14.11554901,1042.379004,Preg7,6.949260884,Lactating_3
Preg_1,ID_1,A,F,primi,3/7/10,9/5/10,9,5,10,0.047,4574,11/6/10,11,2010,1462.471528,23.13208297,3.141220527,244,34 weeks,80,8.32789703,850.5086328,Preg8,6.745834562,Lactating_3
Preg_2,ID_2,A,F,multi,3/13/10,9/11/10,9,11,10,0.03,3371,2/25/10,2,2010,1462.384722,33.70363052,3.517605562,-16,-4 weeks,80,6.2732227,1003.715632,Preg16,6.911464025,PreG_3
Preg_2,ID_2,A,F,multi,3/13/10,9/11/10,9,11,10,0.069,3514,4/3/10,4,2010,1462.450694,18.14358828,2.898317235,21,4 weeks,80,9.915769998,689.7926955,Preg17,6.536391111,1st_Trimester
Preg_2,ID_2,A,F,multi,3/13/10,9/11/10,9,11,10,0.037,4412,10/14/10,10,2010,1462.358333,29.41146856,3.381384685,215,30 weeks,80,5.309269489,688.7700958,Preg4B,6.534907537,Lactating_3
Preg_2,ID_2,A,F,multi,3/13/10,9/11/10,9,11,10,0.064,3921,6/15/10,6,2010,1462.420139,15.28241208,2.72670263,94,14 weeks,80,8.950920192,671.3190144,Preg5B,6.509244455,2nd_Trimester
Preg_2,ID_2,A,F,multi,3/13/10,9/11/10,9,11,10,0.052,3701,5/12/10,5,2010,1462.352083,9.28498428,2.228398502,60,8 weeks,80,33.58529618,3100.181185,Preg7,8.039215836,1st_Trimester
Preg_2,ID_2,A,F,multi,3/13/10,9/11/10,9,11,10,0.04,4307,10/2/10,10,2010,9:09,23.90701378,3.174171879,203,28 weeks,80,5.201053463,624.1264156,Preg8,6.436352937,Lactating_3
Preg_2,ID_2,A,F,multi,3/13/10,9/11/10,9,11,10,0.046,4573,11/6/10,11,2010,1462.470139,20.68723244,3.02951672,238,32 weeks,80,5.715377134,596.3871792,Preg8,6.390890086,Lactating_3
Preg_3,ID_3,B1,M,multi,3/31/10,9/29/10,9,29,10,0.06,3620,4/23/10,4,2010,1462.370139,19.32260475,2.961275641,23,4 weeks,80,25.50837309,2040.669847,Preg4B,7.621033389,1st_Trimester
Preg_3,ID_3,B1,M,multi,3/31/10,9/29/10,9,29,10,0.069,3717,5/13/10,5,2010,1462.402083,18.69750097,2.928389877,43,6 weeks,80,26.79263876,1863.83574,Preg4B,7.530391869,1st_Trimester
Preg_3,ID_3,B1,M,multi,3/31/10,9/29/10,9,29,10,0.077,3881,6/10/10,6,2010,1462.364583,22.89761306,3.131032672,71,10 weeks,80,9.223146431,574.9493879,Preg5B,6.354282016,2nd_Trimester
Preg_3,ID_3,B1,M,multi,3/31/10,9/29/10,9,29,10,0.082,3955,7/16/10,7,2010,1462.390278,17.73771215,2.875693003,107,16 weeks,80,27.56728474,1613.694717,Preg5B,7.386281684,2nd_Trimester
Preg_3,ID_3,B1,M,multi,3/31/10,9/29/10,9,29,10,0.047,4151,8/30/10,8,2010,1462.379861,75.88844427,4.329264423,152,22 weeks,80,34.82304739,3556.396329,Preg6,8.176503044,3rd_Trimester
Preg_4,ID_4,B2,M,multi,3/3/10,9/1/10,9,1,10,0.047,3303,2/12/10,2,2010,1462.376389,27.44467023,3.312171986,-19,-4 weeks,80,11.64727829,1189.509273,Preg16,7.081296125,PreG_3
Preg_4,ID_4,B2,M,multi,3/3/10,9/1/10,9,1,10,0.067,3762,5/17/10,5,2010,1462.416667,18.65147746,2.925925363,75,10 weeks,80,18.99846235,1361.08387,Preg20B,7.216036625,2nd_Trimester
Preg_4,ID_4,B2,M,multi,3/3/10,9/1/10,9,1,10,0.06,3628,4/24/10,4,2010,1462.392361,31.06624707,3.436121927,52,8 weeks,80,14.34116584,1147.293267,Preg4B,7.045160766,1st_Trimester
Preg_4,ID_4,B2,M,multi,3/3/10,9/1/10,9,1,10,0.088,3834,6/4/10,6,2010,1462.411111,13.25364691,2.584272753,93,14 weeks,80,13.58046847,740.7528258,Preg5B,6.607667001,2nd_Trimester
Preg_4,ID_4,B2,M,multi,3/3/10,9/1/10,9,1,10,0.056,4119,8/17/10,8,2010,1462.449306,27.08483927,3.298974135,167,24 weeks,80,11.73917359,1006.21488,Preg6,6.913950926,3rd_Trimester
Preg_4,ID_4,B2,M,multi,3/3/10,9/1/10,9,1,10,0.028,4171,9/3/10,9,2010,1462.358333,30.40519489,3.414613478,184,26 weeks,80,15.28733613,2620.686193,Preg6,7.871191468,Lactating_3
Preg_4,ID_4,B2,M,multi,3/3/10,9/1/10,9,1,10,0.036,4320,10/4/10,10,2010,1462.377778,23.45678914,3.155159969,215,30 weeks,80,4.867249885,648.9666513,Preg7,6.475381331,Lactating_3
Preg_5,ID_5,B2,F,primi,3/23/10,9/21/10,9,21,10,0.06,3629,4/24/10,4,2010,1462.402778,34.48577605,3.540546951,32,6 weeks,80,26.36930964,2109.544771,Preg4B,7.654227455,1st_Trimester
Preg_5,ID_5,B2,F,primi,3/23/10,9/21/10,9,21,10,0.047,4114,8/17/10,8,2010,10:03,40.34545543,3.69747876,147,20 weeks,80,28.40009738,2900.435477,Preg6,7.972616169,3rd_Trimester
Preg_5,ID_5,B2,F,primi,3/23/10,9/21/10,9,21,10,0.019,4176,9/3/10,9,2010,1462.379167,51.93844178,3.950059205,164,22 weeks,80,12.85930347,3248.666141,Preg6,8.085999773,3rd_Trimester
Preg_5,ID_5,B2,F,primi,3/23/10,9/21/10,9,21,10,0.093,3757,5/17/10,5,2010,1462.380556,25.2729452,3.229734464,55,8 weeks,80,53.94251311,2784.129709,Preg8,7.931690611,1st_Trimester
Preg_5,ID_5,B2,F,primi,3/23/10,9/21/10,9,21,10,0.072,3829,6/4/10,6,2010,1462.369444,14.68779109,2.687016611,73,10 weeks,80,14.59306965,972.8713098,Preg8,6.880251812,2nd_Trimester
Preg_5,ID_5,B2,F,primi,3/23/10,9/21/10,9,21,10,0.05,4318,10/4/10,10,2010,1462.377083,22.87556635,3.130069369,195,26 weeks,80,19.208867,1844.051232,Preg8,7.519720187,Lactating_3
Preg_6,ID_6,B1,F,primi,3/27/10,9/25/10,9,25,10,0.075,3621,4/23/10,4,2010,1462.370139,22.86823802,3.129748962,27,4 weeks,80,39.9564551,2557.213126,Preg4B,7.846673322,1st_Trimester
Preg_6,ID_6,B1,F,primi,3/27/10,9/25/10,9,25,10,0.065,3722,5/13/10,5,2010,1462.426389,24.20605754,3.186602913,47,8 weeks,80,23.87863591,1763.345421,Preg4B,7.474968091,1st_Trimester
Preg_6,ID_6,B1,F,primi,3/27/10,9/25/10,9,25,10,0.049,3870,6/9/10,6,2010,1462.491667,24.0979926,3.182128542,74,10 weeks,80,12.62432078,1236.668158,Preg5B,7.120176073,2nd_Trimester
Preg_6,ID_6,B1,F,primi,3/27/10,9/25/10,9,25,10,0.039,3964,7/16/10,7,2010,1462.422222,17.4322516,2.858322031,111,16 weeks,80,13.94406515,1716.192634,Preg5B,7.447863531,2nd_Trimester
Preg_6,ID_6,B1,F,primi,3/27/10,9/25/10,9,25,10,0.066,4153,8/30/10,8,2010,1462.382639,34.32929834,3.535999169,156,22 weeks,80,23.26560767,1692.044194,Preg6,7.433692659,3rd_Trimester
Preg_7,ID_7,B1,F,multi,2/15/10,8/16/10,8,16,10,0.065,3171,11/27/09,11,2009,1462.461111,21.76153743,3.080144073,-80,-12 weeks,80,9.807764044,724.2656524,Preg15,6.585158248,PreG_3
Preg_7,ID_7,B1,F,multi,2/15/10,8/16/10,8,16,10,0.053,3619,4/23/10,4,2010,1462.370139,51.58183344,3.943169545,67,10 weeks,80,13.28974574,1203.599614,Preg4B,7.093072024,2nd_Trimester
Preg_7,ID_7,B1,F,multi,2/15/10,8/16/10,8,16,10,0.078,3724,5/13/10,5,2010,1462.427778,24.26888283,3.189194988,87,12 weeks,80,4.300115226,264.6224754,Preg4B,5.578304189,2nd_Trimester
Preg_7,ID_7,B1,F,multi,2/15/10,8/16/10,8,16,10,0.072,3875,6/10/10,6,2010,1462.360417,22.39409407,3.108797267,115,16 weeks,80,11.56066833,770.7112221,Preg5B,6.647313754,2nd_Trimester
Preg_7,ID_7,B1,F,multi,2/15/10,8/16/10,8,16,10,0.021,3963,7/16/10,7,2010,1462.399306,35.71818683,3.575659994,151,20 weeks,80,8.194990293,1873.140638,Preg5B,7.535371787,3rd_Trimester
Preg_7,ID_7,B1,F,multi,2/15/10,8/16/10,8,16,10,0.055,4154,8/30/10,8,2010,1462.383333,28.40011483,3.346393188,196,26 weeks,80,14.73039351,1285.561616,Preg6,7.158950957,Lactating_3
Preg_8,ID_8,C3,F,primi,10/11/08,4/11/09,4,11,9,0.074,1787,10/30/08,10,2008,1462.390278,20.86340518,3.037996676,19,4 weeks,80,23.46152424,1521.828599,Preg15,7.327667916,1st_Trimester
Preg_8,ID_8,C3,F,primi,10/11/08,4/11/09,4,11,9,0.065,1901,1/31/09,1,2009,1462.46875,23.71318853,3.166031371,112,16 weeks,80,10.07678212,744.1316025,Preg17,6.612217904,2nd_Trimester
Preg_8,ID_8,C3,F,primi,10/11/08,4/11/09,4,11,9,0.081,1944,2/7/09,2,2009,1462.404167,22.84062357,3.128540686,119,16 weeks,80,17.44146351,1033.568208,Preg17,6.940772374,2nd_Trimester
Preg_8,ID_8,C3,F,primi,10/11/08,4/11/09,4,11,9,0.082,1958,2/9/09,2,2009,1462.477083,30.63477679,3.42213586,121,16 weeks,80,16.70106021,977.6230367,Preg17,6.885124153,2nd_Trimester
Preg_8,ID_8,C3,F,primi,10/11/08,4/11/09,4,11,9,0.067,1974,2/13/09,2,2009,1462.420139,23.93850353,3.175488189,125,18 weeks,80,6.881329507,492.9907706,Preg17,6.200490453,3rd_Trimester
Preg_8,ID_8,C3,F,primi,10/11/08,4/11/09,4,11,9,0.048,1998,2/18/09,2,2009,1462.416667,20.02122871,2.996793146,130,18 weeks,80,6.101606676,610.1606676,Preg17,6.413722312,3rd_Trimester
Preg_8,ID_8,C3,F,primi,10/11/08,4/11/09,4,11,9,0.068,2060,3/2/09,3,2009,1462.371528,24.7467462,3.208694014,142,20 weeks,80,6.104296018,430.8914836,Preg18,6.06585628,3rd_Trimester
Preg_8,ID_8,C3,F,primi,10/11/08,4/11/09,4,11,9,0.042,2106,3/8/09,3,2009,1462.468056,24.96166998,3.217341448,148,20 weeks,80,8.040940377,918.9646145,Preg18,6.823247617,3rd_Trimester
Preg_8,ID_8,C3,F,primi,10/11/08,4/11/09,4,11,9,0.071,2119,3/11/09,3,2009,1462.352083,19.68750287,2.979984062,151,20 weeks,80,13.40863307,906.4991371,Preg18,6.809590078,3rd_Trimester
Preg_8,ID_8,C3,F,primi,10/11/08,4/11/09,4,11,9,0.097,2147,3/15/09,3,2009,1462.485417,19.50115023,2.97047345,155,22 weeks,80,13.81969159,683.8610274,Preg18,6.527754721,3rd_Trimester
Preg_8,ID_8,C3,F,primi,10/11/08,4/11/09,4,11,9,0.079,2164,3/21/09,3,2009,1462.499306,24.50759321,3.198982996,161,22 weeks,80,19.56092918,1188.512153,Preg18,7.080457512,3rd_Trimester
Preg_8,ID_8,C3,F,primi,10/11/08,4/11/09,4,11,9,0.066,2183,3/25/09,3,2009,8:42,27.3527278,3.308816261,165,22 weeks,80,16.56888898,1205.010108,Preg18,7.094243234,3rd_Trimester
Preg_8,ID_8,C3,F,primi,10/11/08,4/11/09,4,11,9,0.064,2212,3/30/09,3,2009,1462.390972,18.79151995,2.933405702,170,24 weeks,80,22.23801103,1667.850827,Preg18,7.419291147,3rd_Trimester
Preg_8,ID_8,C3,F,primi,10/11/08,4/11/09,4,11,9,0.058,2251,4/4/09,4,2009,1462.45,25.42624238,3.235781805,175,24 weeks,80,16.43272511,1359.949664,Preg18,7.215202966,3rd_Trimester
Preg_8,ID_8,C3,F,primi,10/11/08,4/11/09,4,11,9,0.058,2303,4/8/09,4,2009,1462.436111,25.88050852,3.253490119,179,24 weeks,80,14.60004912,1208.279927,Preg18,7.096953079,3rd_Trimester
Preg_8,ID_8,C3,F,primi,10/11/08,4/11/09,4,11,9,0.065,1687,8/13/08,8,2008,1462.479167,14.44270001,2.670189097,-59,-10 weeks,80,12.48104692,921.677311,Preg1B,6.826195174,PreG_3
Preg_8,ID_8,C3,F,primi,10/11/08,4/11/09,4,11,9,0.06,1749,9/20/08,9,2008,1462.395139,13.44663274,2.598728721,-21,-4 weeks,80,6.440597464,515.2477971,Preg1B,6.244647944,PreG_3
Preg_8,ID_8,C3,F,primi,10/11/08,4/11/09,4,11,9,0.122,2048,2/27/09,2,2009,1462.383333,16.85371631,2.824571185,139,20 weeks,80,11.3984927,448.4652864,Preg2,6.105831279,3rd_Trimester
Preg_8,ID_8,C3,F,primi,10/11/08,4/11/09,4,11,9,0.081,2335,4/10/09,4,2009,1462.371528,15.34612189,2.730862797,181,24 weeks,80,11.77097588,697.5393114,Preg2,6.547558873,3rd_Trimester
Preg_8,ID_8,C3,F,primi,10/11/08,4/11/09,4,11,9,0.098,2026,2/23/09,2,2009,1462.486806,12.3757463,2.515738614,135,18 weeks,80,9.381297708,459.4921327,Preg4B,6.13012182,3rd_Trimester
Preg_9,ID_9,C,M,multi,6/23/07,12/22/07,12,22,7,0.056,840,7/10/07,7,2007,1462.379167,31.6696521,3.455358875,17,4 weeks,80,10.65487699,913.2751706,Preg14,6.817037227,1st_Trimester
Preg_9,ID_9,C,M,multi,6/23/07,12/22/07,12,22,7,0.055,903,8/17/07,8,2007,1462.500694,33.70730352,3.517714536,55,8 weeks,80,20.46871531,1786.360609,Preg14,7.48793565,1st_Trimester
Preg_9,ID_9,C,M,multi,6/23/07,12/22/07,12,22,7,0.042,1048,12/13/07,12,2007,1462.397222,27.19633911,3.303082373,173,24 weeks,80,7.07351508,808.4017235,Preg14,6.695059118,3rd_Trimester
Preg_9,ID_9,C,M,multi,6/23/07,12/22/07,12,22,7,0.049,1122,2/7/08,2,2008,1462.409722,26.33027727,3.270719504,229,32 weeks,80,7.561032501,740.6725715,Preg14,6.607558654,Lactating_3
Preg_9,ID_9,C,M,multi,6/23/07,12/22/07,12,22,7,0.047,1132,2/9/08,2,2008,1462.353472,31.49740321,3.449905105,231,32 weeks,80,6.64251273,678.3842789,Preg14,6.51971391,Lactating_3
Preg_9,ID_9,C,M,multi,6/23/07,12/22/07,12,22,7,0.06,1180,3/9/08,3,2008,1462.377778,28.09617451,3.335633429,260,36 weeks,80,8.547397075,683.791766,Preg14,6.527653436,Lactating_3
Preg_9,ID_9,C,M,multi,6/23/07,12/22/07,12,22,7,0.07,1219,3/19/08,3,2008,1462.407639,27.28258494,3.306248584,270,36 weeks,80,9.495583006,651.1256919,Preg15,6.478702699,Lactating_3
Preg_9,ID_9,C,M,multi,6/23/07,12/22/07,12,22,7,0.097,747,5/2/07,5,2007,1462.326389,17.83186401,2.88098697,-52,-8 weeks,80,12.57541518,622.2885862,Preg1B,6.43340395,PreG_3
Preg_9,ID_9,C,M,multi,6/23/07,12/22/07,12,22,7,0.087,792,6/8/07,6,2007,1462.385417,41.12652576,3.716653309,-15,-4 weeks,80,40.83967736,2253.223578,Preg1B,7.720117171,PreG_3
Preg_9,ID_9,C,M,multi,6/23/07,12/22/07,12,22,7,0.044,981,10/24/07,10,2007,1462.464583,40.37950301,3.698322305,123,18 weeks,80,6.048228363,659.8067305,Preg1B,6.49194696,3rd_Trimester
Preg_9,ID_9,C,M,multi,6/23/07,12/22/07,12,22,7,0.074,1166,3/1/08,3,2008,1462.434028,23.32252488,3.149419627,252,34 weeks,80,9.156975434,593.9659741,Preg20B,6.386822035,Lactating_3
Preg_9,ID_9,C,M,multi,6/23/07,12/22/07,12,22,7,0.058,736,4/28/07,4,2007,1462.381944,15.82957251,2.761879868,-56,-8 weeks,80,10.36393429,857.7049064,Preg4B,6.754260108,PreG_3
Preg_10,ID_10,C1,M,multi,3/28/13,9/26/13,9,26,13,0.078,10471,11/5/13,11,2013,10:05,25.30556544,3.231024349,222,30 weeks,80,21.02150664,1293.631178,Preg10,7.16520841,Lactating_3
Preg_10,ID_10,C1,M,multi,3/28/13,9/26/13,9,26,13,0.064,10570,11/15/13,11,2013,11:40,23.39282479,3.152429342,232,32 weeks,80,13.5933184,1019.49888,Preg10,6.927066491,Lactating_3
Preg_10,ID_10,C1,M,multi,3/28/13,9/26/13,9,26,13,0.106,10780,12/7/13,12,2013,8:28,25.06490233,3.221468554,254,34 weeks,80,19.62444834,888.6542644,Preg10,6.789708256,Lactating_3
Preg_10,ID_10,C1,M,multi,3/28/13,9/26/13,9,26,13,0.078,10861,12/19/13,12,2013,9:00,25.95834207,3.256493025,266,36 weeks,80,13.35196953,821.6596637,Preg19B,6.711326275,Lactating_3
Preg_10,ID_10,C1,M,multi,3/28/13,9/26/13,9,26,13,0.063,9913,9/2/13,9,2013,9:01,35.66348042,3.574127208,158,22 weeks,80,12.26999916,934.8570791,Preg20B,6.840393661,3rd_Trimester
Preg_10,ID_10,C1,M,multi,3/28/13,9/26/13,9,26,13,0.091,9119,5/9/13,5,2013,10:44,17.00907139,2.833746813,42,6 weeks,80,19.92981234,1051.242849,Preg3,6.957728409,1st_Trimester
Preg_10,ID_10,C1,M,multi,3/28/13,9/26/13,9,26,13,0.019,10294,10/18/13,10,2013,8:55,47.45265173,3.859732408,204,28 weeks,80,4.741257111,1197.79127,Preg3,7.088234531,Lactating_3
Preg_10,ID_10,C1,M,multi,3/28/13,9/26/13,9,26,13,0.103,8540,1/23/13,1,2013,9:37,28.0687539,3.334656997,-64,-10 weeks,80,20.69184839,964.2803132,Preg8,6.871382034,PreG_3
Preg_10,ID_10,C1,M,multi,3/28/13,9/26/13,9,26,13,0.097,8625,2/6/13,2,2013,12:27,20.30384959,3.010810503,-50,-8 weeks,80,13.92728559,689.1852664,Preg9B,6.535510127,PreG_3
Preg_10,ID_10,C1,M,multi,3/28/13,9/26/13,9,26,13,0.042,8758,3/11/13,3,2013,9:25,29.62418488,3.388591084,-17,-4 weeks,80,11.02282147,1259.751026,Preg9B,7.138669382,PreG_3
Preg_10,ID_10,C1,M,multi,3/28/13,9/26/13,9,26,13,0.103,9385,6/12/13,6,2013,10:36,20.32673224,3.011936879,76,10 weeks,80,19.41520585,904.7862918,Preg9B,6.807698774,2nd_Trimester
Preg_10,ID_10,C1,M,multi,3/28/13,9/26/13,9,26,13,0.113,9554,7/3/13,7,2013,11:35,19.25275676,2.957654259,97,14 weeks,80,26.31382177,1117.755261,Preg9B,7.019077722,2nd_Trimester
Preg_10,ID_10,C1,M,multi,3/28/13,9/26/13,9,26,13,0.075,9750,8/8/13,8,2013,10:11,27.96461297,3.330939888,133,18 weeks,80,24.38003594,1560.3223,Preg9B,7.352647681,3rd_Trimester
Preg_10,ID_10,C1,M,multi,3/28/13,9/26/13,9,26,13,0.063,10112,10/1/13,10,2013,9:35,30.84202735,3.428878284,187,26 weeks,80,22.20236803,1691.608993,Preg9B,7.433435422,Lactating_3
Preg_11,ID_11,C3,F,primi,8/22/08,2/20/09,2,20,9,0.046,1500,6/4/08,6,2008,1462.420833,20.0720889,2.999330238,-79,-12 weeks,80,8.711688269,909.0457325,Preg15,6.812395404,PreG_3
Preg_11,ID_11,C3,F,primi,8/22/08,2/20/09,2,20,9,0.076,1549,6/11/08,6,2008,1462.508333,19.49497176,2.970156574,-72,-10 weeks,80,5.587344656,352.8849257,Preg15,5.866142014,PreG_3
Preg_11,ID_11,C3,F,primi,8/22/08,2/20/09,2,20,9,0.032,1752,9/20/08,9,2008,11:33,19.15706243,2.952671443,29,4 weeks,80,7.658446733,1148.76701,Preg15,7.046444481,1st_Trimester
Preg_11,ID_11,C3,F,primi,8/22/08,2/20/09,2,20,9,0.069,1927,2/5/09,2,2009,1462.435417,36.56439852,3.599075049,167,24 weeks,80,18.82209033,1309.362806,Preg17,7.17729589,3rd_Trimester
Preg_11,ID_11,C3,F,primi,8/22/08,2/20/09,2,20,9,0.079,1957,2/9/09,2,2009,1462.475,32.39492967,3.478001919,171,24 weeks,80,24.23829386,1472.706462,Preg17,7.294857118,3rd_Trimester
Preg_11,ID_11,C3,F,primi,8/22/08,2/20/09,2,20,9,0.065,1972,2/13/09,2,2009,1462.372222,36.75131674,3.604174055,175,24 weeks,80,18.1865292,1343.005233,Preg17,7.202665093,3rd_Trimester
Preg_11,ID_11,C3,F,primi,8/22/08,2/20/09,2,20,9,0.092,1997,2/18/09,2,2009,9:54,25.72524087,3.247472645,180,24 weeks,80,23.48328562,1225.214902,Preg17,7.110871538,3rd_Trimester
Preg_11,ID_11,C3,F,primi,8/22/08,2/20/09,2,20,9,0.048,2107,3/8/09,3,2009,1462.483333,23.73820599,3.167085817,198,28 weeks,80,6.825421481,682.5421481,Preg18,6.525824281,Lactating_3
Preg_11,ID_11,C3,F,primi,8/22/08,2/20/09,2,20,9,0.091,1475,5/28/08,5,2008,1462.404861,17.59079429,2.867375714,-86,-12 weeks,80,11.16816908,589.0902372,Preg1B,6.378579376,PreG_3
Preg_11,ID_11,C3,F,primi,8/22/08,2/20/09,2,20,9,0.107,1622,7/2/08,7,2008,1462.425694,15.53929155,2.743371755,-51,-8 weeks,80,14.63341418,656.4522249,Preg1B,6.486849919,PreG_3
Preg_11,ID_11,C3,F,primi,8/22/08,2/20/09,2,20,9,0.051,1669,8/11/08,8,2008,1462.386111,15.1490373,2.717936985,-11,-2 weeks,80,8.097713608,762.1377513,Preg1B,6.636127315,PreG_3
Preg_11,ID_11,C3,F,primi,8/22/08,2/20/09,2,20,9,0.053,1902,1/31/09,1,2009,1462.469444,40.95159252,3.712390699,162,22 weeks,80,14.30363566,1295.423607,Preg1B,7.16659303,3rd_Trimester
Preg_11,ID_11,C3,F,primi,8/22/08,2/20/09,2,20,9,0.088,2333,4/10/09,4,2009,1462.369444,17.57349499,2.8663918,231,32 weeks,80,9.583754162,522.750227,Preg2,6.259103773,Lactating_3
Preg_12,ID_12,C4,M,multi,5/1/13,10/30/13,10,30,13,0.066,10203,10/11/13,10,2013,10:35,29.11531566,3.371264347,163,22 weeks,80,14.35556929,1044.041403,Preg10,6.950854426,3rd_Trimester
Preg_12,ID_12,C4,M,multi,5/1/13,10/30/13,10,30,13,0.047,10467,11/4/13,11,2013,12:08,20.07452549,2.999451623,187,26 weeks,80,6.656862997,679.849838,Preg10,6.521871947,Lactating_3
Preg_12,ID_12,C4,M,multi,5/1/13,10/30/13,10,30,13,0.049,10633,11/25/13,11,2013,9:01,24.75389248,3.208982749,208,28 weeks,80,8.778742604,859.9584592,Preg10,6.756884085,Lactating_3
Preg_12,ID_12,C4,M,multi,5/1/13,10/30/13,10,30,13,0.062,10774,12/6/13,12,2013,11:05,24.06079684,3.180583829,219,30 weeks,80,10.83560597,838.8856234,Preg10,6.732074372,Lactating_3
Preg_12,ID_12,C4,M,multi,5/1/13,10/30/13,10,30,13,0.105,10879,12/25/13,12,2013,9:02,29.89084503,3.397552247,238,32 weeks,80,34.87017701,1594.065235,Preg10,7.374042784,Lactating_3
Preg_12,ID_12,C4,M,multi,5/1/13,10/30/13,10,30,13,0.105,10883,1/7/14,1,2014,8:56,18.70073495,2.928562825,251,34 weeks,80,11.55720224,528.3292452,Preg10,6.26971966,Lactating_3
Preg_12,ID_12,C4,M,multi,5/1/13,10/30/13,10,30,13,0.049,10953,1/13/14,1,2014,11:38,36.83720022,3.60650821,257,36 weeks,80,16.77288,1643.057633,Preg11,7.404314195,Lactating_3
Preg_12,ID_12,C4,M,multi,5/1/13,10/30/13,10,30,13,0.097,10984,1/22/14,1,2014,10:00,31.6365478,3.454313028,266,36 weeks,80,14.3604494,710.6201765,Preg11,6.566138077,Lactating_3
Preg_12,ID_12,C4,M,multi,5/1/13,10/30/13,10,30,13,0.079,8746,3/11/13,3,2013,9:05,17.49567811,2.861953885,-51,-8 weeks,80,19.09956929,1160.48016,Preg2,7.056589129,PreG_3
Preg_12,ID_12,C4,M,multi,5/1/13,10/30/13,10,30,13,0.139,8882,4/5/13,4,2013,9:36,17.59108708,2.867392358,-26,-4 weeks,80,27.26683548,941.5885634,Preg3,6.84756841,PreG_3
Preg_12,ID_12,C4,M,multi,5/1/13,10/30/13,10,30,13,0.094,9075,5/2/13,5,2013,10:09,13.71822452,2.618725206,1,-2 weeks,80,11.42318873,583.3117647,Preg3,6.368721803,1st_Trimester
Preg_12,ID_12,C4,M,multi,5/1/13,10/30/13,10,30,13,0.132,9424,6/17/13,6,2013,11:10,14.2398602,2.656045089,47,8 weeks,80,23.03864667,837.7689698,Preg3,6.73074237,1st_Trimester
Preg_12,ID_12,C4,M,multi,5/1/13,10/30/13,10,30,13,0.035,10337,10/21/13,10,2013,10:03,35.00250013,3.555419491,173,24 weeks,80,9.803674607,1344.503946,Preg5B,7.203780411,3rd_Trimester
Preg_12,ID_12,C4,M,multi,5/1/13,10/30/13,10,30,13,0.088,9667,7/25/13,7,2013,2:09,25.61655148,3.243238685,85,12 weeks,80,35.50169998,1936.456362,Preg9B,7.568614964,2nd_Trimester
Preg_12,ID_12,C4,M,multi,5/1/13,10/30/13,10,30,13,0.072,9837,8/22/13,8,2013,11:51,21.76039312,3.080091488,113,16 weeks,80,13.87745903,925.1639352,Preg9B,6.829970949,2nd_Trimester
Preg_12,ID_12,C4,M,multi,5/1/13,10/30/13,10,30,13,0.083,9901,9/2/13,9,2013,8:39,24.68695902,3.206275129,124,18 weeks,80,20.45279581,1182.812288,Preg9B,7.075650177,3rd_Trimester
Preg_13,ID_12,C1,M,primi,1/8/10,7/9/10,7,9,10,0.037,3098,11/5/09,11,2009,1462.438194,22.36349878,3.107430111,-64,-10 weeks,80,4.417908183,573.1340346,Preg15,6.351119607,PreG_3
Preg_13,ID_12,C1,M,primi,1/8/10,7/9/10,7,9,10,0.069,3201,12/4/09,12,2009,1462.447917,27.18064541,3.302505154,-35,-6 weeks,80,11.37939014,791.6097489,Preg16,6.674068529,PreG_3
Preg_13,ID_12,C1,M,primi,1/8/10,7/9/10,7,9,10,0.046,3257,1/25/10,1,2010,1462.483333,26.839466,3.289873416,17,4 weeks,80,15.39605154,1606.544509,Preg16,7.381840884,1st_Trimester
Preg_13,ID_12,C1,M,primi,1/8/10,7/9/10,7,9,10,0.059,3278,2/2/10,2,2010,1462.436111,32.45249724,3.479777397,25,4 weeks,80,24.23344945,1971.53487,Preg16,7.58656764,1st_Trimester
Preg_13,ID_12,C1,M,primi,1/8/10,7/9/10,7,9,10,0.06,3343,2/19/10,2,2010,1462.422917,37.15421203,3.615077144,42,6 weeks,80,16.03735731,1282.988584,Preg16,7.156947467,1st_Trimester
Preg_13,ID_12,C1,M,primi,1/8/10,7/9/10,7,9,10,0.09,3437,3/5/10,3,2010,1462.381944,22.87329357,3.12997001,56,8 weeks,80,18.71646029,998.2112154,Preg16,6.905964893,1st_Trimester
Preg_13,ID_12,C1,M,primi,1/8/10,7/9/10,7,9,10,0.047,3464,3/18/10,3,2010,1462.404861,22.29268362,3.104258536,69,10 weeks,80,19.97176491,2039.669608,Preg16,7.620543117,2nd_Trimester
Preg_13,ID_12,C1,M,primi,1/8/10,7/9/10,7,9,10,0.05,3111,11/10/09,11,2009,1462.384722,24.77224217,3.209723759,-59,-10 weeks,80,5.915442687,567.8824979,Preg20B,6.341914527,PreG_3
Preg_13,ID_12,C1,M,primi,1/8/10,7/9/10,7,9,10,0.068,3608,4/21/10,4,2010,1462.445833,34.2440885,3.533513951,103,14 weeks,80,26.13200144,1844.611867,Preg4B,7.520024164,2nd_Trimester
Preg_13,ID_12,C1,M,primi,1/8/10,7/9/10,7,9,10,0.054,3644,5/5/10,5,2010,1462.40625,27.20408674,3.30336721,117,16 weeks,80,15.09669957,1341.928851,Preg4B,7.201863299,2nd_Trimester
Preg_13,ID_12,C1,M,primi,1/8/10,7/9/10,7,9,10,0.054,3927,6/18/10,6,2010,1462.397917,33.71153462,3.517840052,161,22 weeks,80,27.55970951,2449.751956,Preg5B,7.803742056,3rd_Trimester
Preg_13,ID_12,C1,M,primi,1/8/10,7/9/10,7,9,10,0.072,4086,8/12/10,8,2010,9:27,40.51623798,3.701702832,216,30 weeks,80,18.29368998,1219.579332,Preg6,7.106261268,Lactating_3
Preg_13,ID_12,C1,M,primi,1/8/10,7/9/10,7,9,10,0.09,4220,9/9/10,9,2010,1462.340278,30.93094534,3.43175715,244,34 weeks,80,26.23682953,1399.297575,Preg6,7.243725658,Lactating_3
Preg_13,ID_12,C1,M,primi,1/8/10,7/9/10,7,9,10,0.045,4287,10/1/10,10,2010,1462.390972,28.25571312,3.341295671,266,36 weeks,80,22.2756304,2376.067243,Preg6,7.773201981,Lactating_3
Preg_14,ID_13,C2,M,multi,12/9/08,6/9/09,6,9,9,0.046,1745,9/20/08,9,2008,1462.365278,18.5367366,2.919754525,-80,-12 weeks,80,15.28799062,1595.268586,Preg15,7.374797394,PreG_3
Preg_14,ID_13,C2,M,multi,12/9/08,6/9/09,6,9,9,0.039,1798,11/3/08,11,2008,1462.429167,36.00679375,3.583707636,-36,-6 weeks,80,16.39943452,2018.39194,Preg15,7.610056404,PreG_3
Preg_14,ID_13,C2,M,multi,12/9/08,6/9/09,6,9,9,0.078,1942,2/7/09,2,2009,1462.395833,22.88097093,3.130305601,60,8 weeks,80,6.785927452,417.5955355,Preg17,6.034513346,1st_Trimester
Preg_14,ID_13,C2,M,multi,12/9/08,6/9/09,6,9,9,0.068,1966,2/12/09,2,2009,1462.376389,26.32099416,3.270366878,65,10 weeks,80,11.09162427,782.9381835,Preg17,6.663053745,2nd_Trimester
Preg_14,ID_13,C2,M,multi,12/9/08,6/9/09,6,9,9,0.052,2024,2/23/09,2,2009,1462.484028,21.62843413,3.074008844,76,10 weeks,80,27.95249616,2580.230415,Preg17,7.855633982,2nd_Trimester
Preg_14,ID_13,C2,M,multi,12/9/08,6/9/09,6,9,9,0.063,2055,3/1/09,3,2009,1462.433333,29.88627714,3.397399417,82,12 weeks,80,13.55584063,1032.825953,Preg18,6.940053968,2nd_Trimester
Preg_14,ID_13,C2,M,multi,12/9/08,6/9/09,6,9,9,0.063,2072,3/4/09,3,2009,1462.459722,27.98729414,3.331750626,85,12 weeks,80,10.29447281,784.3407853,Preg18,6.664843601,2nd_Trimester
Preg_14,ID_13,C2,M,multi,12/9/08,6/9/09,6,9,9,0.064,2103,3/8/09,3,2009,1462.425,21.45734939,3.066067216,89,12 weeks,80,10.7062838,802.9712848,Preg18,6.688318953,2nd_Trimester
Preg_14,ID_13,C2,M,multi,12/9/08,6/9/09,6,9,9,0.071,2125,3/11/09,3,2009,1462.440972,21.03151042,3.046021809,92,14 weeks,80,9.231735589,624.1173356,Preg18,6.436338389,2nd_Trimester
Preg_14,ID_13,C2,M,multi,12/9/08,6/9/09,6,9,9,0.109,2187,3/25/09,3,2009,1462.422222,18.1433255,2.898302752,106,14 weeks,80,30.91267288,1361.292017,Preg18,7.21618954,2nd_Trimester
Preg_14,ID_13,C2,M,multi,12/9/08,6/9/09,6,9,9,0.078,2213,3/30/09,3,2009,1462.395833,18.84206298,2.936091763,111,16 weeks,80,15.04389651,925.7782467,Preg18,6.830634732,2nd_Trimester
Preg_14,ID_13,C2,M,multi,12/9/08,6/9/09,6,9,9,0.07,2393,4/15/09,4,2009,1462.447222,19.60839708,2.975957897,127,18 weeks,80,10.65678331,730.7508554,Preg19B,6.594072575,3rd_Trimester
Preg_14,ID_13,C2,M,multi,12/9/08,6/9/09,6,9,9,0.05,2440,4/28/09,4,2009,1462.40625,27.00700147,3.296096146,140,20 weeks,80,9.384569735,900.9186945,Preg19B,6.803415014,3rd_Trimester
Preg_14,ID_13,C2,M,multi,12/9/08,6/9/09,6,9,9,0.083,2521,5/14/09,5,2009,1462.358333,21.0238035,3.045655296,156,22 weeks,80,11.42817427,660.9064638,Preg19B,6.493612323,3rd_Trimester
Preg_14,ID_13,C2,M,multi,12/9/08,6/9/09,6,9,9,0.05,2553,5/20/09,5,2009,1462.366667,24.33685139,3.19199172,162,22 weeks,80,8.106019889,778.1779094,Preg19B,6.656955173,3rd_Trimester
Preg_14,ID_13,C2,M,multi,12/9/08,6/9/09,6,9,9,0.076,2612,6/2/09,6,2009,1462.413889,21.90561761,3.086743116,175,24 weeks,80,9.446932814,596.6483883,Preg19B,6.391327976,3rd_Trimester
Preg_14,ID_13,C2,M,multi,12/9/08,6/9/09,6,9,9,0.049,1768,10/6/08,10,2008,1462.372222,12.07318875,2.490987188,-64,-10 weeks,80,5.546804771,543.3604674,Preg1B,6.297772944,PreG_3
Preg_14,ID_13,C2,M,multi,12/9/08,6/9/09,6,9,9,0.068,1866,1/24/09,1,2009,1462.403472,17.56212543,2.865744619,46,6 weeks,80,9.143849828,645.4482232,Preg1B,6.469944995,1st_Trimester
Preg_14,ID_13,C2,M,multi,12/9/08,6/9/09,6,9,9,0.085,1913,2/4/09,2,2009,1462.416667,16.95380099,2.830492056,57,8 weeks,80,20.30923825,1146.874631,Preg1B,7.044795809,1st_Trimester
Preg_14,ID_13,C2,M,multi,12/9/08,6/9/09,6,9,9,0.075,1999,2/19/09,2,2009,1462.332639,13.93056512,2.634085356,72,10 weeks,80,9.196023733,588.5455189,Preg1B,6.377654271,2nd_Trimester
Preg_14,ID_13,C2,M,multi,12/9/08,6/9/09,6,9,9,0.07,2043,2/26/09,2,2009,1462.414583,16.13978246,2.781287184,79,12 weeks,80,5.944602909,407.6299137,Preg2,6.010359688,2nd_Trimester
Preg_14,ID_13,C2,M,multi,12/9/08,6/9/09,6,9,9,0.081,2146,3/15/09,3,2009,1462.477083,15.62579443,2.748923038,96,14 weeks,80,9.355029813,554.3721371,Preg2,6.317836189,2nd_Trimester
Preg_14,ID_13,C2,M,multi,12/9/08,6/9/09,6,9,9,0.067,2250,4/4/09,4,2009,1462.429167,16.31955017,2.792363786,116,16 weeks,80,24.32816484,1742.913302,Preg2,7.463313304,2nd_Trimester
Preg_14,ID_13,C2,M,multi,12/9/08,6/9/09,6,9,9,0.114,2286,4/8/09,4,2009,1462.344444,16.72288587,2.816778193,120,16 weeks,80,31.09176644,1309.127008,Preg2,7.177115788,2nd_Trimester
Preg_14,ID_13,C2,M,multi,12/9/08,6/9/09,6,9,9,0.094,2157,3/21/09,3,2009,1462.376389,22.31543988,3.10527881,102,14 weeks,80,10.69526123,546.140999,Preg20B,6.302877182,2nd_Trimester
Preg_15,ID_13,C2,M,multi,6/9/10,12/8/10,12,8,10,0.06,3502,4/2/10,4,2010,1462.451389,20.56203263,3.023446299,-68,-10 weeks,80,12.89355711,1031.484569,Preg17,6.938754373,PreG_3
Preg_15,ID_13,C2,M,multi,6/9/10,12/8/10,12,8,10,0.069,3747,5/15/10,5,2010,1462.436806,21.68992297,3.076847773,-25,-4 weeks,80,30.18035275,2099.5028,Preg4B,7.649455834,PreG_3
Preg_15,ID_13,C2,M,multi,6/9/10,12/8/10,12,8,10,0.035,3923,6/18/10,6,2010,1462.385417,17.14895134,2.841937025,9,2 weeks,80,5.687798462,780.040932,Preg5B,6.659346395,1st_Trimester
Preg_15,ID_13,C2,M,multi,6/9/10,12/8/10,12,8,10,0.037,4127,8/18/10,8,2010,1462.457639,23.17731557,3.143174023,70,10 weeks,80,10.76613884,1396.688282,Preg6,7.241859201,2nd_Trimester
Preg_15,ID_13,C2,M,multi,6/9/10,12/8/10,12,8,10,0.059,4221,9/9/10,9,2010,1462.349306,25.91173882,3.254696102,92,14 weeks,80,27.15402763,2209.141231,Preg6,7.700359136,2nd_Trimester
Preg_15,ID_13,C2,M,multi,6/9/10,12/8/10,12,8,10,0.082,4313,10/2/10,10,2010,1462.490278,31.64949765,3.454722276,115,16 weeks,80,23.05529291,1349.578121,Preg6,7.20754732,2nd_Trimester
Preg_15,ID_13,C2,M,multi,6/9/10,12/8/10,12,8,10,0.065,3979,7/22/10,7,2010,1462.451389,24.89012387,3.214471093,43,6 weeks,80,25.09230221,1852.970009,Preg8,7.524545041,1st_Trimester
Preg_15,ID_13,C2,M,multi,6/9/10,12/8/10,12,8,10,0.059,4544,11/3/10,11,2010,1462.420833,27.67056867,3.320369345,147,20 weeks,80,15.82572599,1287.516691,Preg8,7.160470596,3rd_Trimester
Preg_15,ID_13,C2,M,multi,6/9/10,12/8/10,12,8,10,0.062,4737,12/7/10,12,2010,1462.398611,25.28003791,3.230015069,181,24 weeks,80,8.504299687,658.3973951,Preg8,6.489808693,3rd_Trimester
Preg_16,ID_14,C,M,multi,1/18/07,7/19/07,7,19,7,0.045,867,8/4/07,8,2007,1462.473611,26.40944755,3.273721808,198,28 weeks,80,9.579180139,1021.779215,Preg14,6.929300715,Lactating_3
Preg_16,ID_14,C,M,multi,1/18/07,7/19/07,7,19,7,0.077,768,5/17/07,5,2007,1462.4375,48.25023677,3.876400735,119,16 weeks,80,23.33866965,1454.878108,Preg1B,7.282677402,2nd_Trimester
Preg_16,ID_14,C,M,multi,1/18/07,7/19/07,7,19,7,0.084,790,6/8/07,6,2007,1462.368056,40.55163147,3.702576013,141,20 weeks,80,11.12334472,635.6196981,Preg1B,6.454600426,3rd_Trimester
Preg_16,ID_14,C,M,multi,1/18/07,7/19/07,7,19,7,0.055,923,9/5/07,9,2007,1462.456944,16.81225641,2.822108169,230,32 weeks,80,5.519981318,481.7438241,Preg1B,6.177412487,Lactating_3
Preg_17,ID_15,C,M,primi,6/14/07,12/13/07,12,13,7,0.086,791,6/8/07,6,2007,1462.379167,35.53499101,3.570517873,-6,-2 weeks,80,19.05617608,1063.600525,Preg14,6.969415153,PreG_3
Preg_17,ID_15,C,M,primi,6/14/07,12/13/07,12,13,7,0.088,902,8/17/07,8,2007,11:51,33.92216107,3.52406852,64,10 weeks,80,14.44716174,788.0270041,Preg14,6.669532358,2nd_Trimester
Preg_17,ID_15,C,M,primi,6/14/07,12/13/07,12,13,7,0.05,982,10/24/07,10,2007,1462.472222,24.61427127,3.203326408,132,18 weeks,80,7.406299955,711.0047957,Preg14,6.566679175,3rd_Trimester
Preg_17,ID_15,C,M,primi,6/14/07,12/13/07,12,13,7,0.063,1065,1/2/08,1,2008,1462.361806,26.20640631,3.266003897,202,28 weeks,80,11.25059475,857.1881716,Preg14,6.753657465,Lactating_3
Preg_17,ID_15,C,M,primi,6/14/07,12/13/07,12,13,7,0.072,1117,2/7/08,2,2008,1462.377778,25.22928499,3.228005423,238,32 weeks,80,12.00941976,800.6279842,Preg14,6.6853964,Lactating_3
Preg_17,ID_15,C,M,primi,6/14/07,12/13/07,12,13,7,0.05,1143,2/20/08,2,2008,1462.413889,31.63511455,3.454267724,251,34 weeks,80,10.71719579,1028.850796,Preg14,6.936197726,Lactating_3
Preg_17,ID_15,C,M,primi,6/14/07,12/13/07,12,13,7,0.07,1170,3/5/08,3,2008,1462.465278,24.57430757,3.201701489,265,36 weeks,80,10.65998048,730.9700898,Preg14,6.594372542,Lactating_3
Preg_17,ID_15,C,M,primi,6/14/07,12/13/07,12,13,7,0.045,1182,3/9/08,3,2008,1462.384722,29.88057262,3.397208524,269,36 weeks,80,7.244040766,772.6976817,Preg15,6.649887875,Lactating_3
Preg_17,ID_15,C,M,primi,6/14/07,12/13/07,12,13,7,0.086,681,4/16/07,4,2007,1462.375,15.80111418,2.760080455,-59,-10 weeks,80,8.658671305,483.2746775,Preg1B,6.180585182,PreG_3
Preg_17,ID_15,C,M,primi,6/14/07,12/13/07,12,13,7,0.04,1014,11/15/07,11,2007,1462.388194,40.98954789,3.713317105,154,22 weeks,80,13.43468638,1612.162365,Preg1B,7.385331641,3rd_Trimester
Preg_18,ID_16,C1,F,multi,12/1/12,6/1/13,6,1,13,0.109,8774,3/14/13,3,2013,8:44,22.15874849,3.098232384,103,14 weeks,80,22.30555816,982.2631114,Preg20B,6.889859207,2nd_Trimester
Preg_18,ID_16,C1,F,multi,12/1/12,6/1/13,6,1,13,0.065,9863,8/26/13,8,2013,11:37,23.67705781,3.164506554,268,36 weeks,80,11.02396789,814.077629,Preg20B,6.702055729,Lactating_3
Preg_18,ID_16,C1,F,multi,12/1/12,6/1/13,6,1,13,0.121,9304,6/5/13,6,2013,11:55,17.93514969,2.886762457,186,26 weeks,80,25.93717818,1028.912854,Preg3,6.936258042,Lactating_3
Preg_18,ID_16,C1,F,multi,12/1/12,6/1/13,6,1,13,0.055,7813,9/6/12,9,2012,1462.514583,41.3424136,3.721888937,-86,-12 weeks,80,5.9133445,516.0737018,Preg5B,6.246249588,PreG_3
Preg_18,ID_16,C1,F,multi,12/1/12,6/1/13,6,1,13,0.077,7915,10/1/12,10,2012,1462.415278,22.1592657,3.098255725,-61,-10 weeks,80,15.23958951,950.0003848,Preg8,6.85646239,PreG_3
Preg_18,ID_16,C1,F,multi,12/1/12,6/1/13,6,1,13,0.085,8122,11/3/12,11,2012,12:38,21.86560623,3.084914911,-28,-4 weeks,80,10.86272809,613.4246453,Preg8,6.419057429,PreG_3
Preg_18,ID_16,C1,F,multi,12/1/12,6/1/13,6,1,13,0.1,8376,12/17/12,12,2012,11:00,32.87333327,3.49266179,16,2 weeks,80,18.86346764,905.4464467,Preg8,6.808428133,1st_Trimester
Preg_18,ID_16,C1,F,multi,12/1/12,6/1/13,6,1,13,0.075,8459,1/3/13,1,2013,9:56,30.0030622,3.40129945,33,6 weeks,80,16.1176154,1031.527386,Preg8,6.938795882,1st_Trimester
Preg_18,ID_16,C1,F,multi,12/1/12,6/1/13,6,1,13,0.095,8631,2/7/13,2,2013,10:58,29.60076972,3.387800365,68,10 weeks,80,14.7998692,747.7828649,Preg9B,6.617112648,2nd_Trimester
Preg_18,ID_16,C1,F,multi,12/1/12,6/1/13,6,1,13,0.09,8876,4/5/13,4,2013,9:01,24.350845,3.192566551,125,18 weeks,80,15.08136052,804.339228,Preg9B,6.690021106,3rd_Trimester
Preg_18,ID_16,C1,F,multi,12/1/12,6/1/13,6,1,13,0.099,9089,5/3/13,5,2013,10:30,23.99148684,3.177699052,153,22 weeks,80,26.76384337,1297.640891,Preg9B,7.168303196,3rd_Trimester
Preg_19,ID_16,C1,M,multi,4/1/10,9/30/10,9,30,10,0.048,3255,1/25/10,1,2010,1462.420833,30.23432971,3.408978024,-66,-10 weeks,80,7.638162473,763.8162473,Preg16,6.638327246,PreG_3
Preg_19,ID_16,C1,M,multi,4/1/10,9/30/10,9,30,10,0.079,3275,2/2/10,2,2010,1462.364583,25.5293161,3.239827443,-58,-8 weeks,80,22.70048026,1379.269687,Preg16,7.229309426,PreG_3
Preg_19,ID_16,C1,M,multi,4/1/10,9/30/10,9,30,10,0.06,3337,2/19/10,2,2010,1462.353472,23.48182111,3.156226552,-41,-6 weeks,80,13.30360076,1064.288061,Preg16,6.970061367,PreG_3
Preg_19,ID_16,C1,M,multi,4/1/10,9/30/10,9,30,10,0.104,3435,3/5/10,3,2010,1462.359722,22.48042367,3.112644871,-27,-4 weeks,80,11.73183098,541.4691223,Preg16,6.294286042,PreG_3
Preg_19,ID_16,C1,M,multi,4/1/10,9/30/10,9,30,10,0.064,3604,4/21/10,4,2010,1462.395833,20.71501791,3.03085894,20,4 weeks,80,16.08847396,1206.635547,Preg20B,7.095591226,1st_Trimester
Preg_19,ID_16,C1,M,multi,4/1/10,9/30/10,9,30,10,0.064,3646,5/5/10,5,2010,1462.406944,22.70194048,3.122450405,34,6 weeks,80,18.94727696,1421.045772,Preg20B,7.259148339,1st_Trimester
Preg_19,ID_16,C1,M,multi,4/1/10,9/30/10,9,30,10,0.086,4677,12/1/10,12,2010,1462.45,34.23879851,3.53335946,244,34 weeks,80,27.30460364,1523.977878,Preg4B,7.32907922,Lactating_3
Preg_19,ID_16,C1,M,multi,4/1/10,9/30/10,9,30,10,0.072,3926,6/18/10,6,2010,1462.397917,15.01645003,2.709146269,78,12 weeks,80,13.90970239,927.3134924,Preg5B,6.832291688,2nd_Trimester
Preg_19,ID_16,C1,M,multi,4/1/10,9/30/10,9,30,10,0.085,4085,8/12/10,8,2010,1462.393056,25.99369411,3.257853974,133,18 weeks,80,22.65756034,1279.485761,Preg6,7.154213527,3rd_Trimester
Preg_19,ID_16,C1,M,multi,4/1/10,9/30/10,9,30,10,0.094,4230,9/9/10,9,2010,9:18,31.44397434,3.44820737,161,22 weeks,80,20.97299064,1070.961224,Preg6,6.976311864,3rd_Trimester
Preg_19,ID_16,C1,M,multi,4/1/10,9/30/10,9,30,10,0.024,4297,10/1/10,10,2010,1462.457639,46.44270126,3.838219322,183,26 weeks,80,28.44725261,5689.450522,Preg6,8.646368953,Lactating_3
Preg_19,ID_16,C1,M,multi,4/1/10,9/30/10,9,30,10,0.067,4514,11/2/10,11,2010,1462.413889,25.38067778,3.233988167,215,30 weeks,80,14.54011928,1041.680188,Preg7,6.948590254,Lactating_3
Preg_20,ID_16,C,M,multi,3/4/07,9/2/07,9,2,7,0.064,680,4/16/07,4,2007,1462.373611,18.43034036,2.913998239,43,6 weeks,80,9.851972079,738.8979059,Preg14,6.60515976,1st_Trimester
Preg_20,ID_16,C,M,multi,3/4/07,9/2/07,9,2,7,0.108,748,5/2/07,5,2007,7:57,19.37367136,2.963914998,59,8 weeks,80,23.26258236,1033.892549,Preg14,6.941086132,1st_Trimester
Preg_20,ID_16,C,M,multi,3/4/07,9/2/07,9,2,7,0.076,793,6/8/07,6,2007,1462.425,33.60832083,3.51477368,96,14 weeks,80,31.6275867,1997.531792,Preg14,7.599667593,2nd_Trimester
Preg_20,ID_16,C,M,multi,3/4/07,9/2/07,9,2,7,0.078,838,7/8/07,7,2007,1462.4375,27.48999531,3.313822132,126,18 weeks,80,17.01142417,1046.856872,Preg14,6.953547499,3rd_Trimester
Preg_20,ID_16,C,M,multi,3/4/07,9/2/07,9,2,7,0.078,900,8/17/07,8,2007,1462.431944,30.53355299,3.418826177,166,22 weeks,80,14.69657853,904.4048327,Preg14,6.807277084,3rd_Trimester
Preg_20,ID_16,C,M,multi,3/4/07,9/2/07,9,2,7,0.048,914,9/1/07,9,2007,1462.445833,34.12793136,3.53011615,181,24 weeks,80,8.278056266,827.8056266,Preg14,6.718778376,3rd_Trimester
Preg_20,ID_16,C,M,multi,3/4/07,9/2/07,9,2,7,0.044,978,10/23/07,10,2007,1462.453472,50.43213582,3.920628587,233,32 weeks,80,6.88158646,750.7185229,Preg1B,6.621030778,Lactating_3
Preg_20,ID_16,C,M,multi,3/4/07,9/2/07,9,2,7,0.06,1013,11/15/07,11,2007,1462.386111,15.51638104,2.741896307,256,34 weeks,80,11.61588524,929.2708192,Preg1B,6.834400213,Lactating_3
Preg_21,ID_17,D,F,primi,4/19/09,10/18/09,10,18,9,0.058,3181,12/1/09,12,2009,1462.378472,37.5585336,3.625900612,226,30 weeks,80,15.42070279,1276.196093,Preg16,7.15163913,Lactating_3
Preg_21,ID_17,D,F,primi,4/19/09,10/18/09,10,18,9,0.08,1929,2/6/09,2,2009,1462.383333,24.16954095,3.185093202,-72,-10 weeks,80,16.95087998,1017.052799,Preg17,6.924664311,PreG_3
Preg_21,ID_17,D,F,primi,4/19/09,10/18/09,10,18,9,0.076,2149,3/16/09,3,2009,1462.395833,19.57686156,2.974348336,-34,-6 weeks,80,11.52702657,728.0227306,Preg18,6.590332271,PreG_3
Preg_21,ID_17,D,F,primi,4/19/09,10/18/09,10,18,9,0.076,2756,7/19/09,7,2009,1462.4375,21.68088688,3.076431083,91,12 weeks,80,13.24761905,697.2431081,Preg19B,6.547134142,2nd_Trimester
Preg_21,ID_17,D,F,primi,4/19/09,10/18/09,10,18,9,0.085,1872,1/24/09,1,2009,9:09,16.72039654,2.816629324,-85,-12 weeks,80,15.21075485,858.9602739,Preg1B,6.755722674,PreG_3
Preg_21,ID_17,D,F,primi,4/19/09,10/18/09,10,18,9,0.128,2279,4/7/09,4,2009,1462.413194,14.78589845,2.693673919,-12,-2 weeks,80,22.28883183,835.8311936,Preg2,6.728426671,PreG_3
Preg_21,ID_17,D,F,primi,4/19/09,10/18/09,10,18,9,0.088,2554,5/21/09,5,2009,1462.345833,17.94202583,2.887145773,32,6 weeks,80,12.22359474,666.7415314,Preg2,6.502402462,1st_Trimester
Preg_21,ID_17,D,F,primi,4/19/09,10/18/09,10,18,9,0.043,3007,10/2/09,10,2009,1462.373611,51.13405078,3.934450631,166,22 weeks,80,12.38263584,1382.247721,Preg2,7.231466236,3rd_Trimester
Preg_21,ID_17,D,F,primi,4/19/09,10/18/09,10,18,9,0.058,3140,11/21/09,11,2009,8:42,27.96989577,3.331128781,216,30 weeks,80,14.40055191,1191.769813,Preg20B,7.083194719,Lactating_3
Preg_22,ID_18,D,M,multi,4/30/10,10/29/10,10,29,10,0.051,3272,2/1/10,2,2010,1462.475,30.33013105,3.412141642,-88,-12 weeks,80,17.27829809,1626.192761,Preg16,7.393996832,PreG_3
Preg_22,ID_18,D,M,multi,4/30/10,10/29/10,10,29,10,0.052,3367,2/24/10,2,2010,1462.384722,25.32062815,3.231619405,-65,-10 weeks,80,7.870176621,726.4778419,Preg16,6.588207983,PreG_3
Preg_22,ID_18,D,M,multi,4/30/10,10/29/10,10,29,10,0.088,3413,3/3/10,3,2010,1462.436806,21.37691402,3.062311556,-58,-8 weeks,80,12.84483231,700.6272167,Preg16,6.551975958,PreG_3
Preg_22,ID_18,D,M,multi,4/30/10,10/29/10,10,29,10,0.076,3481,3/31/10,3,2010,9:27,17.30397001,2.850935956,-30,-6 weeks,80,14.61608137,923.1209289,Preg3,6.827760243,PreG_3
Preg_22,ID_18,D,M,multi,4/30/10,10/29/10,10,29,10,0.077,3600,4/21/10,4,2010,1462.381944,23.06605927,3.138362241,-9,-2 weeks,80,21.740452,1355.248956,Preg4B,7.211740448,PreG_3
Preg_22,ID_18,D,M,multi,4/30/10,10/29/10,10,29,10,0.077,4476,10/28/10,10,2010,1462.463889,31.04423957,3.43541327,181,24 weeks,80,16.4893283,1027.90618,Preg4B,6.935279177,3rd_Trimester
Preg_22,ID_18,D,M,multi,4/30/10,10/29/10,10,29,10,0.076,4509,11/2/10,11,2010,1462.406944,30.9459613,3.4322425,186,26 weeks,80,14.73152144,930.4118804,Preg4B,6.83562737,Lactating_3
Preg_22,ID_18,D,M,multi,4/30/10,10/29/10,10,29,10,0.068,3777,5/20/10,5,2010,1462.383333,18.82768172,2.935328219,20,4 weeks,80,18.92056937,1335.569603,Preg5B,7.197113149,1st_Trimester
Preg_22,ID_18,D,M,multi,4/30/10,10/29/10,10,29,10,0.057,3936,6/19/10,6,2010,1462.393056,22.65003053,3.1201612,50,8 weeks,80,20.70610263,1743.6718,Preg5B,7.463748399,1st_Trimester
Preg_22,ID_18,D,M,multi,4/30/10,10/29/10,10,29,10,0.042,4134,8/19/10,8,2010,1462.444444,26.5076666,3.277433997,111,16 weeks,80,10.72646382,1225.88158,Preg6,7.111415521,2nd_Trimester
Preg_22,ID_18,D,M,multi,4/30/10,10/29/10,10,29,10,0.05,4207,9/7/10,9,2010,1462.375,32.5621511,3.483150605,130,18 weeks,80,15.21700461,1460.832443,Preg6,7.286761719,3rd_Trimester
Preg_22,ID_18,D,M,multi,4/30/10,10/29/10,10,29,10,0.046,3749,5/15/10,5,2010,1462.440972,17.94055113,2.887063577,15,2 weeks,80,15.33052318,1599.706767,Preg7,7.377575621,1st_Trimester
Preg_22,ID_18,D,M,multi,4/30/10,10/29/10,10,29,10,0.07,4322,10/4/10,10,2010,10:03,39.51228559,3.676611651,157,22 weeks,80,9.920417894,680.257227,Preg7,6.522471002,3rd_Trimester
Preg_22,ID_18,D,M,multi,4/30/10,10/29/10,10,29,10,0.06,4341,10/5/10,10,2010,1462.480556,28.959404,3.365894987,158,22 weeks,80,11.92075123,953.6600985,Preg7,6.860307317,3rd_Trimester
Preg_22,ID_18,D,M,multi,4/30/10,10/29/10,10,29,10,0.062,4344,10/6/10,10,2010,1462.343056,31.82535128,3.460263182,159,22 weeks,80,13.13741365,1017.090089,Preg7,6.924700975,3rd_Trimester
Preg_22,ID_18,D,M,multi,4/30/10,10/29/10,10,29,10,0.078,4355,10/7/10,10,2010,1462.403472,30.4128176,3.414864151,160,22 weeks,80,16.62356397,1022.988552,Preg7,6.930483575,3rd_Trimester
Preg_22,ID_18,D,M,multi,4/30/10,10/29/10,10,29,10,0.056,4383,10/10/10,10,2010,1462.397222,37.28359084,3.618553306,163,22 weeks,80,11.35815439,973.5560909,Preg7,6.880955441,3rd_Trimester
Preg_22,ID_18,D,M,multi,4/30/10,10/29/10,10,29,10,0.068,4388,10/11/10,10,2010,1462.391667,31.63638761,3.454307965,164,22 weeks,80,13.10448264,925.0223037,Preg7,6.829817849,3rd_Trimester
Preg_22,ID_18,D,M,multi,4/30/10,10/29/10,10,29,10,0.069,4400,10/12/10,10,2010,1462.329861,29.38233095,3.380393506,165,22 weeks,80,13.02385267,906.0071421,Preg7,6.809047189,3rd_Trimester
Preg_22,ID_18,D,M,multi,4/30/10,10/29/10,10,29,10,0.085,4419,10/14/10,10,2010,1462.424306,31.50876244,3.45026568,167,24 weeks,80,23.23557742,1312.126725,Preg7,7.179404554,3rd_Trimester
Preg_22,ID_18,D,M,multi,4/30/10,10/29/10,10,29,10,0.075,4427,10/20/10,10,2010,1462.354861,30.83730193,3.428725059,173,24 weeks,80,14.42884194,923.445884,Preg7,6.828112199,3rd_Trimester
Preg_22,ID_18,D,M,multi,4/30/10,10/29/10,10,29,10,0.065,4434,10/21/10,10,2010,1462.368056,30.40678862,3.414665893,174,24 weeks,80,13.60178696,1004.439652,Preg7,6.912185105,3rd_Trimester
Preg_22,ID_18,D,M,multi,4/30/10,10/29/10,10,29,10,0.068,4454,10/24/10,10,2010,1462.415278,30.57089994,3.420048574,177,24 weeks,80,16.63944428,1174.549008,Preg7,7.06863953,3rd_Trimester
Preg_22,ID_18,D,M,multi,4/30/10,10/29/10,10,29,10,0.066,4457,10/25/10,10,2010,1462.366667,33.32582799,3.506332712,178,24 weeks,80,11.3458343,825.1515858,Preg7,6.71556711,3rd_Trimester
Preg_22,ID_18,D,M,multi,4/30/10,10/29/10,10,29,10,0.069,4466,10/26/10,10,2010,1462.407639,35.1496089,3.559613492,179,24 weeks,80,11.97035014,832.7200095,Preg7,6.724697463,3rd_Trimester
Preg_22,ID_18,D,M,multi,4/30/10,10/29/10,10,29,10,0.064,4470,10/27/10,10,2010,1462.347917,38.88334032,3.660565889,180,24 weeks,80,13.57774793,1018.331094,Preg7,6.925920384,3rd_Trimester
Preg_22,ID_18,D,M,multi,4/30/10,10/29/10,10,29,10,0.07,4479,10/29/10,10,2010,1462.425,39.80052762,3.683880169,182,26 weeks,80,14.21299822,974.6055922,Preg7,6.882032868,3rd_Trimester
Preg_22,ID_18,D,M,multi,4/30/10,10/29/10,10,29,10,0.077,4490,10/31/10,10,2010,1462.393056,34.12498348,3.530029769,184,26 weeks,80,21.26672982,1325.718222,Preg7,7.189709646,Lactating_3
Preg_22,ID_18,D,M,multi,4/30/10,10/29/10,10,29,10,0.067,3968,7/22/10,7,2010,1462.367361,32.73804243,3.488537779,83,12 weeks,80,14.26863982,1022.230912,Preg8,6.929742687,2nd_Trimester
Preg_22,ID_18,D,M,multi,4/30/10,10/29/10,10,29,10,0.079,4672,12/1/10,12,2010,1462.392361,26.30352535,3.269702974,215,30 weeks,80,22.91337477,1392.205049,Preg8,7.238644135,Lactating_3
Preg_23,ID_18,D,M,multi,11/27/12,5/28/13,5,28,13,0.037,7774,9/4/12,9,2012,1462.402778,41.89400602,3.735142762,-84,-12 weeks,80,39.1304862,5076.3874,Preg2,8.532355146,PreG_3
Preg_23,ID_18,D,M,multi,11/27/12,5/28/13,5,28,13,0.133,8789,3/15/13,3,2013,12:10,13.17798191,2.5785474,108,16 weeks,80,11.44896382,413.1956868,Preg2,6.023921299,2nd_Trimester
Preg_23,ID_18,D,M,multi,11/27/12,5/28/13,5,28,13,0.094,9281,6/4/13,6,2013,11:45,24.35323874,3.192664848,189,26 weeks,80,24.69745573,1261.146675,Preg20B,7.139776646,Lactating_3
Preg_23,ID_18,D,M,multi,11/27/12,5/28/13,5,28,13,0.045,9834,8/22/13,8,2013,11:13,13.67146898,2.615311105,268,36 weeks,80,6.425145672,685.3488717,Preg3,6.52992801,Lactating_3
Preg_23,ID_18,D,M,multi,11/27/12,5/28/13,5,28,13,0.066,7818,9/9/12,9,2012,1462.490278,33.4302557,3.509461349,-79,-12 weeks,80,14.28556775,1038.950382,Preg8,6.945966234,PreG_3
Preg_23,ID_18,D,M,multi,11/27/12,5/28/13,5,28,13,0.073,7939,10/3/12,10,2012,1462.397917,24.68049155,3.206013116,-55,-8 weeks,80,20.70540032,1361.45098,Preg8,7.216306307,PreG_3
Preg_23,ID_18,D,M,multi,11/27/12,5/28/13,5,28,13,0.083,8134,11/4/12,11,2012,11:05,23.76912204,3.168387345,-23,-4 weeks,80,16.19472181,936.5622253,Preg8,6.842215964,PreG_3
Preg_23,ID_18,D,M,multi,11/27/12,5/28/13,5,28,13,0.058,8849,4/1/13,4,2013,8:36,18.68247949,2.927586159,125,18 weeks,80,8.36280092,692.0938692,Preg9B,6.539721596,3rd_Trimester
Preg_23,ID_18,D,M,multi,11/27/12,5/28/13,5,28,13,0.127,9096,5/7/13,5,2013,10:10,18.86088402,2.937090149,161,22 weeks,80,30.02790823,1134.913067,Preg9B,7.034311334,3rd_Trimester
Preg_24,ID_18,D,M,multi,4/25/07,10/24/07,10,24,7,0.107,765,5/4/07,5,2007,1462.357639,31.03133703,3.434997566,9,2 weeks,80,13.58778989,609.5457147,Preg14,6.41271395,1st_Trimester
Preg_24,ID_18,D,M,multi,4/25/07,10/24/07,10,24,7,0.085,795,6/8/07,6,2007,1462.436806,27.41319775,3.311024567,44,6 weeks,80,20.45909789,1155.337292,Preg14,7.052147608,1st_Trimester
Preg_24,ID_18,D,M,multi,4/25/07,10/24/07,10,24,7,0.066,841,7/10/07,7,2007,1462.392361,31.14195893,3.438556072,76,10 weeks,80,14.01574544,1019.326941,Preg14,6.926897827,2nd_Trimester
Preg_24,ID_18,D,M,multi,4/25/07,10/24/07,10,24,7,0.042,888,8/8/07,8,2007,1462.440972,24.16389402,3.184859536,105,14 weeks,80,5.693069225,650.6364829,Preg14,6.477951088,2nd_Trimester
Preg_24,ID_18,D,M,multi,4/25/07,10/24/07,10,24,7,0.08,959,10/6/07,10,2007,1462.411111,21.53753093,3.069797038,164,22 weeks,80,10.79985132,647.991079,Preg14,6.473876929,3rd_Trimester
Preg_24,ID_18,D,M,multi,4/25/07,10/24/07,10,24,7,0.076,1006,11/9/07,11,2007,1462.419444,19.73918122,2.982605555,198,28 weeks,80,13.08310203,826.3011806,Preg14,6.716959332,Lactating_3
Preg_24,ID_18,D,M,multi,4/25/07,10/24/07,10,24,7,0.079,682,4/16/07,4,2007,1462.379861,14.54616396,2.677327313,-9,-2 weeks,80,10.60034474,644.0715791,Preg1B,6.467809868,PreG_3
Preg_24,ID_18,D,M,multi,4/25/07,10/24/07,10,24,7,0.041,1028,12/4/07,12,2007,1462.459028,52.34456829,3.957848174,223,30 weeks,80,20.14647424,2358.611619,Preg1B,7.765828428,Lactating_3
Preg_24,ID_18,D,M,multi,4/25/07,10/24/07,10,24,7,0.063,913,9/1/07,9,2007,1462.441667,30.01758433,3.401783354,129,18 weeks,80,11.29920819,860.8920529,Preg20B,6.757969122,3rd_Trimester
Preg_24,ID_18,D,M,multi,4/25/07,10/24/07,10,24,7,0.051,1078,1/10/08,1,2008,1462.427083,41.82704727,3.733543194,260,36 weeks,80,14.52301522,1366.872021,Preg4B,7.220280212,Lactating_3
Preg_25,ID_19,D,F,primi,11/24/06,5/25/07,5,25,7,0.12,756,5/2/07,5,2007,1462.472222,30.95922154,3.432670904,159,22 weeks,80,29.22547583,1169.019033,Preg14,7.063920243,3rd_Trimester
Preg_25,ID_19,D,F,primi,11/24/06,5/25/07,5,25,7,0.08,799,6/9/07,6,2007,1462.499306,22.77959564,3.125865207,197,28 weeks,80,11.2304339,673.8260338,Preg14,6.512971968,Lactating_3
Preg_25,ID_19,D,F,primi,11/24/06,5/25/07,5,25,7,0.052,868,8/4/07,8,2007,1462.498611,30.33384322,3.412264027,253,34 weeks,80,12.54635492,1158.12507,Preg14,7.054557657,Lactating_3
Preg_25,ID_19,D,F,primi,11/24/06,5/25/07,5,25,7,0.077,679,4/16/07,4,2007,1462.368056,15.2657971,2.725614842,143,20 weeks,80,10.03245086,625.3995341,Preg1B,6.4383907,3rd_Trimester
Preg_26,ID_19,D,F,multi,3/5/09,9/3/09,9,3,9,0.079,3008,10/2/09,10,2009,1462.375,39.65532215,3.680225167,211,28 weeks,80,22.24136011,1351.373779,Preg15,7.208876968,Lactating_3
Preg_26,ID_19,D,F,multi,3/5/09,9/3/09,9,3,9,0.067,3141,11/21/09,11,2009,8:42,25.36826635,3.233499037,261,36 weeks,80,16.67677946,1194.75435,Preg15,7.085695878,Lactating_3
Preg_26,ID_19,D,F,multi,3/5/09,9/3/09,9,3,9,0.064,3180,12/1/09,12,2009,1462.378472,34.72924505,3.547582129,271,36 weeks,80,12.04485499,903.364124,Preg16,6.80612571,Lactating_3
Preg_26,ID_19,D,F,multi,3/5/09,9/3/09,9,3,9,0.044,1828,12/12/08,12,2008,1462.40625,33.60679459,3.514728266,-83,-12 weeks,80,12.46587592,1359.913737,Preg17,7.215176548,PreG_3
Preg_26,ID_19,D,F,multi,3/5/09,9/3/09,9,3,9,0.096,1880,1/24/09,1,2009,9:09,19.5443165,2.972684528,-40,-6 weeks,80,22.81947155,1140.973578,Preg17,7.039637193,PreG_3
Preg_26,ID_19,D,F,multi,3/5/09,9/3/09,9,3,9,0.136,1930,2/6/09,2,2009,1462.400694,19.14034213,2.951798261,-27,-4 weeks,80,26.206192,924.9244235,Preg17,6.82971203,PreG_3
Preg_26,ID_19,D,F,multi,3/5/09,9/3/09,9,3,9,0.077,1993,2/18/09,2,2009,1462.354167,19.60201782,2.975632511,-15,-4 weeks,80,10.81194675,673.9914855,Preg17,6.513217478,PreG_3
Preg_26,ID_19,D,F,multi,3/5/09,9/3/09,9,3,9,0.069,2005,2/20/09,2,2009,1462.374306,24.05205208,3.180220318,-13,-2 weeks,80,10.56359203,734.858576,Preg17,6.599678067,PreG_3
Preg_26,ID_19,D,F,multi,3/5/09,9/3/09,9,3,9,0.055,2023,2/23/09,2,2009,1462.457639,21.53931523,3.069879881,-10,-2 weeks,80,10.70901389,934.6048485,Preg17,6.840123818,PreG_3
Preg_26,ID_19,D,F,multi,3/5/09,9/3/09,9,3,9,0.055,2031,2/24/09,2,2009,1462.407639,23.40444434,3.152925933,-9,-2 weeks,80,14.06269548,1227.289788,Preg18,7.112563593,PreG_3
Preg_26,ID_19,D,F,multi,3/5/09,9/3/09,9,3,9,0.053,2033,2/25/09,2,2009,1462.365972,27.20088895,3.303249655,-8,-2 weeks,80,20.83658721,1887.087144,Preg18,7.542789726,PreG_3
Preg_26,ID_19,D,F,multi,3/5/09,9/3/09,9,3,9,0.075,2040,2/26/09,2,2009,1462.379861,23.78333988,3.168985331,-7,-2 weeks,80,12.05798606,771.7111077,Preg18,6.648610267,PreG_3
Preg_26,ID_19,D,F,multi,3/5/09,9/3/09,9,3,9,0.068,2085,3/6/09,3,2009,1462.421528,18.38723478,2.911656662,1,-2 weeks,80,14.27375654,1007.559285,Preg18,6.915286136,1st_Trimester
Preg_26,ID_19,D,F,multi,3/5/09,9/3/09,9,3,9,0.076,2160,3/21/09,3,2009,1462.423611,22.90748699,3.1314638,16,2 weeks,80,11.91847816,752.7459893,Preg18,6.623727839,1st_Trimester
Preg_26,ID_19,D,F,multi,3/5/09,9/3/09,9,3,9,0.075,2204,3/28/09,3,2009,1462.388889,19.99052792,2.995258557,23,4 weeks,80,16.63178633,1064.434325,Preg18,6.970198787,1st_Trimester
Preg_26,ID_19,D,F,multi,3/5/09,9/3/09,9,3,9,0.061,2240,4/4/09,4,2009,1462.354167,21.02067792,3.045506616,30,4 weeks,80,26.94215749,2120.038622,Preg18,7.659189585,1st_Trimester
Preg_26,ID_19,D,F,multi,3/5/09,9/3/09,9,3,9,0.072,2395,4/15/09,4,2009,1462.473611,19.16624394,2.953150604,41,6 weeks,80,14.91994434,828.8857964,Preg19B,6.720082385,1st_Trimester
Preg_26,ID_19,D,F,multi,3/5/09,9/3/09,9,3,9,0.074,2555,5/21/09,5,2009,1462.399306,21.82608731,3.08310592,77,12 weeks,80,9.975379097,647.0516171,Preg19B,6.47242607,2nd_Trimester
Preg_26,ID_19,D,F,multi,3/5/09,9/3/09,9,3,9,0.088,2714,7/1/09,7,2009,1462.406944,20.09876143,3.000658193,118,16 weeks,80,19.81174361,900.5338006,Preg19B,6.802987699,2nd_Trimester
Preg_26,ID_19,D,F,multi,3/5/09,9/3/09,9,3,9,0.076,2778,7/24/09,7,2009,1462.390278,25.56541528,3.241240472,141,20 weeks,80,15.46068476,813.7202507,Preg19B,6.701616635,3rd_Trimester
Preg_26,ID_19,D,F,multi,3/5/09,9/3/09,9,3,9,0.047,2890,8/7/09,8,2009,1462.357639,27.8895829,3.328253246,155,22 weeks,80,11.16441799,1140.19588,Preg19B,7.038955351,3rd_Trimester
Preg_26,ID_19,D,F,multi,3/5/09,9/3/09,9,3,9,0.105,2211,3/30/09,3,2009,1462.390972,14.46612031,2.671809385,25,4 weeks,80,23.25311093,1062.999357,Preg2,6.968849773,1st_Trimester
Preg_26,ID_19,D,F,multi,3/5/09,9/3/09,9,3,9,0.105,2319,4/9/09,4,2009,1462.472222,17.86084435,2.88261085,35,6 weeks,80,19.84864601,907.3666747,Preg2,6.81054664,1st_Trimester
Preg_26,ID_19,D,F,multi,3/5/09,9/3/09,9,3,9,0.074,2468,4/30/09,4,2009,1462.384028,16.84764583,2.824210934,56,8 weeks,80,11.95593666,775.5202159,Preg2,6.65353405,1st_Trimester
Preg_26,ID_19,D,F,multi,3/5/09,9/3/09,9,3,9,0.088,2613,6/2/09,6,2009,1462.418056,46.78955543,3.845660003,89,12 weeks,80,19.92642165,1086.895726,Preg2,6.991080954,2nd_Trimester
Preg_26,ID_19,D,F,multi,3/5/09,9/3/09,9,3,9,0.074,2685,6/25/09,6,2009,8:42,48.98965351,3.891609123,112,16 weeks,80,29.07485439,1885.936501,Preg2,7.542179794,2nd_Trimester
Preg_26,ID_19,D,F,multi,3/5/09,9/3/09,9,3,9,0.097,2753,7/19/09,7,2009,1462.435417,16.10006515,2.778823319,136,18 weeks,80,13.04822623,645.6854216,Preg2,6.470312422,3rd_Trimester
Preg_26,ID_19,D,F,multi,3/5/09,9/3/09,9,3,9,0.063,2842,7/29/09,7,2009,1462.509722,15.81179076,2.760755912,146,20 weeks,80,5.593007965,426.1339402,Preg2,6.05475371,3rd_Trimester
Preg_26,ID_19,D,F,multi,3/5/09,9/3/09,9,3,9,0.078,2524,5/14/09,5,2009,1462.463194,14.17214199,2.651278206,70,10 weeks,80,10.43219291,641.9811021,Preg20B,6.464558867,2nd_Trimester
Preg_26,ID_19,D,F,multi,3/5/09,9/3/09,9,3,9,0.093,2129,3/13/09,3,2009,1462.420833,17.79492127,2.878913095,8,2 weeks,80,12.66573756,653.7154869,Preg4B,6.482672221,1st_Trimester
Preg_27,ID_20,D,F,multi,12/24/12,6/24/13,6,24,13,0.095,8201,11/12/12,11,2012,10:40,35.96887318,3.582653931,-42,-6 weeks,80,17.61517228,890.0297571,Preg5B,6.791254897,PreG_3
Preg_27,ID_20,D,F,multi,12/24/12,6/24/13,6,24,13,0.068,9860,8/26/13,8,2013,10:50,17.18184355,2.843853219,245,34 weeks,80,16.81738296,1187.109385,Preg5B,7.079276543,Lactating_3
Preg_27,ID_20,D,F,multi,12/24/12,6/24/13,6,24,13,0.072,7923,10/1/12,10,2012,1462.458333,20.31405433,3.011312978,-84,-12 weeks,80,10.8981245,726.541633,Preg8,6.588295788,PreG_3
Preg_27,ID_20,D,F,multi,12/24/12,6/24/13,6,24,13,0.056,8501,1/12/13,1,2013,11:18,38.07246853,3.63949141,19,4 weeks,80,20.23328406,1734.281491,Preg8,7.45834848,1st_Trimester
Preg_27,ID_20,D,F,multi,12/24/12,6/24/13,6,24,13,0.106,8577,2/1/13,2,2013,9:01,36.16259675,3.588025346,39,6 weeks,80,30.56266275,1383.969634,Preg9B,7.232711195,1st_Trimester
Preg_27,ID_20,D,F,multi,12/24/12,6/24/13,6,24,13,0.075,8810,3/22/13,3,2013,8:54,35.99744179,3.583447875,88,12 weeks,80,21.14535506,1353.302724,Preg9B,7.210303346,2nd_Trimester
Preg_27,ID_20,D,F,multi,12/24/12,6/24/13,6,24,13,0.093,8928,4/11/13,4,2013,9:44,33.78101465,3.519898948,108,16 weeks,80,33.62142078,1735.299137,Preg9B,7.458935091,2nd_Trimester
Preg_27,ID_20,D,F,multi,12/24/12,6/24/13,6,24,13,0.062,9086,5/3/13,5,2013,9:36,21.86344002,3.084815836,130,18 weeks,80,20.51786021,1588.479501,Preg9B,7.370532549,3rd_Trimester
Preg_27,ID_20,D,F,multi,12/24/12,6/24/13,6,24,13,0.06,9283,6/4/13,6,2013,11:51,27.56975303,3.316719267,162,22 weeks,80,28.29107756,2263.286205,Preg9B,7.724573109,3rd_Trimester
Preg_27,ID_20,D,F,multi,12/24/12,6/24/13,6,24,13,0.088,9634,7/23/13,7,2013,1:53,26.17355499,3.26474955,211,28 weeks,80,29.59198079,1614.108043,Preg9B,7.386537788,Lactating_3
Preg_27,ID_20,D,F,multi,12/24/12,6/24/13,6,24,13,0.103,10019,9/17/13,9,2013,9:07,25.37602367,3.233804778,267,36 weeks,80,25.51134304,1188.878122,Preg9B,7.080765387,Lactating_3
Preg_28,ID_21,G,F,multi,4/15/09,10/14/09,10,14,9,0.062,3064,10/28/09,10,2009,1462.392361,19.44001426,2.967333533,196,26 weeks,80,6.21560902,481.2084402,Preg15,6.176300524,Lactating_3
Preg_28,ID_21,G,F,multi,4/15/09,10/14/09,10,14,9,0.048,3105,11/7/09,11,2009,1462.474306,20.84092328,3.036918519,206,28 weeks,80,5.404157595,540.4157595,Preg15,6.292338768,Lactating_3
Preg_28,ID_21,G,F,multi,4/15/09,10/14/09,10,14,9,0.036,3128,11/19/09,11,2009,10:21,34.22174241,3.532861185,218,30 weeks,80,5.334346928,711.246257,Preg15,6.567018723,Lactating_3
Preg_28,ID_21,G,F,multi,4/15/09,10/14/09,10,14,9,0.069,3160,11/25/09,11,2009,1462.445139,26.33622688,3.270945439,224,30 weeks,80,10.69903034,744.2803715,Preg15,6.612417807,Lactating_3
Preg_28,ID_21,G,F,multi,4/15/09,10/14/09,10,14,9,0.055,3208,12/7/09,12,2009,1462.353472,30.5084965,3.418005219,236,32 weeks,80,9.770841698,852.7280027,Preg16,6.748440625,Lactating_3
Preg_28,ID_21,G,F,multi,4/15/09,10/14/09,10,14,9,0.034,3054,10/21/09,10,2009,1462.396528,47.97842586,3.870751449,189,26 weeks,80,5.976866487,843.7929158,Preg2,6.737907104,Lactating_3
Preg_29,ID_22,H,M,primi,7/17/07,1/15/08,1,15,8,0.059,1262,4/7/08,4,2008,1462.399306,26.32266281,3.270430272,265,36 weeks,80,8.44349015,686.9280122,Preg15,6.532229501,Lactating_3
Preg_30,ID_23,K,F,multi,7/27/08,1/25/09,1,25,9,0.08,2323,4/9/09,4,2009,1462.486806,18.35010782,2.90963545,256,34 weeks,80,13.32409419,799.4456515,Preg19B,6.683918552,Lactating_3
Preg_30,ID_23,K,F,multi,7/27/08,1/25/09,1,25,9,0.084,2368,4/14/09,4,2009,1462.383333,18.20331524,2.901603734,261,36 weeks,80,15.76624942,900.9285383,Preg19B,6.803425941,Lactating_3
Preg_30,ID_23,K,F,multi,7/27/08,1/25/09,1,25,9,0.095,2266,4/6/09,4,2009,1462.358333,15.17657084,2.719752847,253,34 weeks,80,20.779274,1049.90016,Preg2,6.956450353,Lactating_3
Preg_30,ID_23,K,F,multi,7/27/08,1/25/09,1,25,9,0.073,2410,4/16/09,4,2009,1462.40625,13.04819336,2.568649684,263,36 weeks,80,10.30552693,677.6236883,Preg2,6.518592102,Lactating_3
Preg_30,ID_23,K,F,multi,7/27/08,1/25/09,1,25,9,0.061,2419,4/23/09,4,2009,9:18,12.3253108,2.511654937,270,36 weeks,80,3.83675665,301.90872,Preg2,5.71012472,Lactating_3
Preg_31,ID_24,K,M,multi,2/27/10,8/28/10,8,28,10,0.072,3270,1/28/10,1,2010,1462.372222,21.62197487,3.073710153,-30,-6 weeks,80,11.69938714,779.9591429,Preg16,6.659241537,PreG_3
Preg_31,ID_24,K,M,multi,2/27/10,8/28/10,8,28,10,0.037,3399,3/2/10,3,2010,1462.393056,31.34515959,3.445059856,3,2 weeks,80,5.151723077,668.3316425,Preg16,6.504784521,1st_Trimester
Preg_31,ID_24,K,M,multi,2/27/10,8/28/10,8,28,10,0.054,3708,5/12/10,5,2010,1462.436111,15.71873209,2.754853128,74,10 weeks,80,18.26193471,1623.283086,Preg4B,7.392205974,2nd_Trimester
Preg_31,ID_24,K,M,multi,2/27/10,8/28/10,8,28,10,0.078,3498,4/2/10,4,2010,9:18,17.53528122,2.864214921,34,6 weeks,80,13.2380376,814.6484676,Preg5B,6.702756692,1st_Trimester
Preg_31,ID_24,K,M,multi,2/27/10,8/28/10,8,28,10,0.029,4006,7/28/10,7,2010,1462.434722,22.62439418,3.119028713,151,20 weeks,80,14.10336631,2334.350285,Preg6,7.755488881,3rd_Trimester
Preg_31,ID_24,K,M,multi,2/27/10,8/28/10,8,28,10,0.036,4197,9/6/10,9,2010,1462.461806,27.38219851,3.309893113,191,26 weeks,80,10.50464991,1400.619988,Preg6,7.244670266,Lactating_3
Preg_31,ID_24,K,M,multi,2/27/10,8/28/10,8,28,10,0.082,4327,10/4/10,10,2010,1462.478472,19.07740614,2.94850471,219,30 weeks,80,9.863052184,577.3493961,Preg7,6.358447622,Lactating_3
Preg_31,ID_24,K,M,multi,2/27/10,8/28/10,8,28,10,0.067,4512,11/2/10,11,2010,1462.413194,28.04082582,3.333661513,248,34 weeks,80,17.12295655,1226.719275,Preg7,7.112098629,Lactating_3
Preg_31,ID_24,K,M,multi,2/27/10,8/28/10,8,28,10,0.051,3839,6/5/10,6,2010,1462.343056,17.8289038,2.880820949,98,14 weeks,80,9.544740504,898.328518,Preg8,6.800535834,2nd_Trimester
Preg_32,ID_24,K,F,multi,5/12/12,11/10/12,11,10,12,0.045,7775,9/4/12,9,2012,1462.408333,30.36595357,3.413322032,115,16 weeks,80,8.399656086,895.9633159,Preg4B,6.79789947,2nd_Trimester
Preg_32,ID_24,K,F,multi,5/12/12,11/10/12,11,10,12,0.08,7961,10/4/12,10,2012,1462.520833,35.71828761,3.575662816,145,20 weeks,80,17.4563424,1047.380544,Preg8,6.954047606,3rd_Trimester
Preg_32,ID_24,K,F,multi,5/12/12,11/10/12,11,10,12,0.076,8169,11/6/12,11,2012,11:02,32.49094846,3.480961542,178,24 weeks,80,16.13501984,1019.053885,Preg8,6.926629912,3rd_Trimester
Preg_32,ID_24,K,F,multi,5/12/12,11/10/12,11,10,12,0.077,8412,12/24/12,12,2012,10:11,36.73665752,3.603775099,226,30 weeks,80,20.77247569,1294.907575,Preg8,7.166194601,Lactating_3
Preg_32,ID_24,K,F,multi,5/12/12,11/10/12,11,10,12,0.056,8502,1/12/13,1,2013,11:18,38.02952392,3.638362803,245,34 weeks,80,16.87883151,1446.756987,Preg8,7.27707977,Lactating_3
Preg_32,ID_24,K,F,multi,5/12/12,11/10/12,11,10,12,0.083,8613,2/6/13,2,2013,10:02,29.85688948,3.396415617,270,36 weeks,80,11.69674243,676.4381164,Preg9B,6.516840967,Lactating_3
Preg_33,ID_25,K,M,multi,11/20/09,5/21/10,5,21,10,0.047,3269,1/28/10,1,2010,1462.355556,36.37072298,3.593764137,69,10 weeks,80,11.15536207,1139.27102,Preg16,7.038143881,2nd_Trimester
Preg_33,ID_25,K,M,multi,11/20/09,5/21/10,5,21,10,0.035,3402,3/2/10,3,2010,1462.423611,40.06835854,3.690586959,102,14 weeks,80,4.132300061,566.7154369,Preg3,6.339857303,2nd_Trimester
Preg_33,ID_25,K,M,multi,11/20/09,5/21/10,5,21,10,0.074,3493,4/2/10,4,2010,1462.358333,17.4090269,2.856988859,133,18 weeks,80,16.03995012,1040.429197,Preg3,6.947388596,3rd_Trimester
Preg_33,ID_25,K,M,multi,11/20/09,5/21/10,5,21,10,0.056,3706,5/12/10,5,2010,1462.423611,22.12877944,3.096878998,173,24 weeks,80,18.20691486,1560.592702,Preg4B,7.352820965,3rd_Trimester
Preg_33,ID_25,K,M,multi,11/20/09,5/21/10,5,21,10,0.065,3841,6/5/10,6,2010,1462.345139,16.00286928,2.772768036,197,28 weeks,80,9.483098981,700.2903863,Preg5B,6.551495087,Lactating_3
Preg_33,ID_25,K,M,multi,11/20/09,5/21/10,5,21,10,0.078,4008,7/28/10,7,2010,1462.451389,14.12615022,2.648027705,250,34 weeks,80,7.431654792,457.3326026,Preg6,6.125410922,Lactating_3
Preg_34,ID_26,M,M,multi,10/2/07,4/1/08,4,1,8,0.057,1354,5/1/08,5,2008,1462.340278,20.63545158,3.027010547,212,30 weeks,80,14.59357262,1228.932432,Preg15,7.11390113,Lactating_3
Preg_34,ID_26,M,M,multi,10/2/07,4/1/08,4,1,8,0.066,1370,5/7/08,5,2008,1462.402778,21.13893244,3.05111648,218,30 weeks,80,16.387448,1191.8144,Preg15,7.083232131,Lactating_3
Preg_34,ID_26,M,M,multi,10/2/07,4/1/08,4,1,8,0.109,1416,5/15/08,5,2008,1462.380556,19.36515962,2.963475556,226,30 weeks,80,21.82912026,961.2823602,Preg15,6.868268185,Lactating_3
Preg_34,ID_26,M,M,multi,10/2/07,4/1/08,4,1,8,0.067,1320,4/22/08,4,2008,1462.448611,13.83582645,2.627261348,203,28 weeks,80,11.89887969,852.4570524,Preg1B,6.748122829,Lactating_3
Preg_35,ID_27,M1,F,multi,3/4/14,9/2/14,9,2,14,0.061,10826,12/16/13,12,2013,9:57,27.81110218,3.3254353,-78,-12 weeks,80,13.06050217,1027.711646,Preg10,6.935089907,PreG_3
Preg_35,ID_27,M1,F,multi,3/4/14,9/2/14,9,2,14,0.071,10988,1/22/14,1,2014,10:25,27.32827853,3.30792201,-41,-6 weeks,80,11.60725725,784.7159832,Preg11,6.665321847,PreG_3
Preg_35,ID_27,M1,F,multi,3/4/14,9/2/14,9,2,14,0.08,11846,6/3/14,6,2014,9:47,24.9167946,3.215542058,91,12 weeks,80,10.32486255,619.4917533,Preg15,6.428899389,2nd_Trimester
Preg_35,ID_27,M1,F,multi,3/4/14,9/2/14,9,2,14,0.077,11679,5/5/14,5,2014,9:25,26.0889574,3.261512137,62,10 weeks,80,12.24555383,763.3591998,Preg17,6.637728694,1st_Trimester
Preg_35,ID_27,M1,F,multi,3/4/14,9/2/14,9,2,14,0.079,11362,3/26/14,3,2014,11:23,32.75115638,3.488938271,22,4 weeks,80,14.81574783,900.1973365,Preg20B,6.802614002,1st_Trimester
Preg_35,ID_27,M1,F,multi,3/4/14,9/2/14,9,2,14,0.066,11584,4/24/14,4,2014,1:15,32.75105926,3.488935305,51,8 weeks,80,11.02396789,801.7431194,Preg20B,6.686788257,1st_Trimester
Preg_35,ID_27,M1,F,multi,3/4/14,9/2/14,9,2,14,0.073,11745,5/15/14,5,2014,11:43,48.86849442,3.889132903,72,10 weeks,80,8.855704147,582.2928754,Preg3,6.366973543,2nd_Trimester
Preg_35,ID_27,M1,F,multi,3/4/14,9/2/14,9,2,14,0.06,10885,1/7/14,1,2014,9:28,53.76536233,3.984629437,-56,-8 weeks,80,16.40761577,1312.609262,Preg5B,7.179772238,PreG_3
Preg_36,ID_28,M1,F,multi,3/22/14,9/20/14,9,20,14,0.068,10929,1/10/14,1,2014,10:55,30.18502956,3.407346092,-71,-10 weeks,80,14.4866614,1022.587864,Preg11,6.930091815,PreG_3
Preg_36,ID_28,M1,F,multi,3/22/14,9/20/14,9,20,14,0.064,11368,3/26/14,3,2014,12:58,30.68150898,3.42366016,4,2 weeks,80,11.3154836,848.6612699,Preg12,6.743660131,1st_Trimester
Preg_36,ID_28,M1,F,multi,3/22/14,9/20/14,9,20,14,0.081,11688,5/5/14,5,2014,11:48,19.72597046,2.981936065,44,6 weeks,80,22.93349144,1359.021715,Preg13,7.214520393,1st_Trimester
Preg_36,ID_28,M1,F,multi,3/22/14,9/20/14,9,20,14,0.055,11747,5/15/14,5,2014,11:47,21.58263985,3.071889281,54,8 weeks,80,15.36743601,1341.158052,Preg13,7.201288738,1st_Trimester
Preg_36,ID_28,M1,F,multi,3/22/14,9/20/14,9,20,14,0.087,11850,6/3/14,6,2014,11:31,21.67371289,3.076100139,73,10 weeks,80,23.39892907,1290.975397,Preg15,7.163153333,2nd_Trimester
Preg_36,ID_28,M1,F,multi,3/22/14,9/20/14,9,20,14,0.045,11953,6/13/14,6,2014,10:45,31.04434263,3.43541659,83,12 weeks,80,8.725126939,930.6802068,Preg15,6.835915724,2nd_Trimester
Preg_36,ID_28,M1,F,multi,3/22/14,9/20/14,9,20,14,0.06,11576,4/24/14,4,2014,1:05,37.24032386,3.617392149,33,6 weeks,80,12.0909318,967.2745441,Preg20B,6.874482368,1st_Trimester
Preg_36,ID_28,M1,F,multi,3/22/14,9/20/14,9,20,14,0.069,10985,1/22/14,1,2014,10:00,43.36989148,3.769765456,-59,-10 weeks,80,14.58541989,1014.637905,Preg3,6.922287084,PreG_3
Preg_37,ID_29,M1,M,multi,6/9/14,12/8/14,12,8,14,0.063,11366,3/26/14,3,2014,12:29,29.78743517,3.394086666,-75,-12 weeks,80,15.93625719,1214.191024,Preg12,7.10183331,PreG_3
Preg_37,ID_29,M1,M,multi,6/9/14,12/8/14,12,8,14,0.056,11653,5/3/14,5,2014,8:55,24.35213018,3.192619327,-37,-6 weeks,80,10.8125316,926.7884227,Preg13,6.831725301,PreG_3
Preg_37,ID_29,M1,M,multi,6/9/14,12/8/14,12,8,14,0.077,11748,5/15/14,5,2014,11:55,21.26463495,3.057045362,-25,-4 weeks,80,30.05684629,1873.673535,Preg13,7.53565624,PreG_3
Preg_37,ID_29,M1,M,multi,6/9/14,12/8/14,12,8,14,0.064,11873,6/4/14,6,2014,12:20,18.90378659,2.939362251,-5,-2 weeks,80,9.083849665,681.2887249,Preg15,6.523986188,PreG_3
Preg_38,ID_30,N,M,multi,6/14/08,12/13/08,12,13,8,0.137,2012,2/22/09,2,2009,1462.421528,14.18281072,2.652030719,253,34 weeks,80,14.15762616,496.0336173,Preg4B,6.206643701,Lactating_3
Preg_39,ID_31,R,F,multi,4/27/10,10/26/10,10,26,10,0.059,3483,4/1/10,4,2010,1462.397222,16.67562295,2.813947949,-26,-4 weeks,80,16.78448236,1365.517209,Preg3,7.219288544,PreG_3
Preg_39,ID_31,R,F,multi,4/27/10,10/26/10,10,26,10,0.073,3729,5/14/10,5,2010,1462.365278,19.47435199,2.969098317,17,4 weeks,80,20.74337121,1363.947696,Preg7,7.218138492,1st_Trimester
Preg_40,ID_32,R,M,multi,2/25/10,8/26/10,8,26,10,0.076,3484,4/1/10,4,2010,1462.414583,20.13962446,3.002689241,35,6 weeks,80,22.91948623,1447.546499,Preg17,7.277625333,1st_Trimester
Preg_40,ID_32,R,M,multi,2/25/10,8/26/10,8,26,10,0.056,3727,5/14/10,5,2010,1462.363889,26.09100039,3.261590442,78,12 weeks,80,31.89292286,2733.679102,Preg7,7.913403637,2nd_Trimester
Preg_41,ID_33,S,F,multi,8/3/09,2/1/10,2,1,10,0.075,3388,3/1/10,3,2010,1462.409028,26.58602109,3.280385555,210,28 weeks,80,21.20509251,1357.12592,Preg16,7.213124448,Lactating_3
Preg_41,ID_33,S,F,multi,8/3/09,2/1/10,2,1,10,0.12,3440,3/5/10,3,2010,1462.405556,18.47049754,2.916174732,214,30 weeks,80,18.23086139,729.2344554,Preg16,6.591995293,Lactating_3
Preg_41,ID_33,S,F,multi,8/3/09,2/1/10,2,1,10,0.037,3465,3/28/10,3,2010,1462.358333,25.13503792,3.224262806,237,32 weeks,80,4.983178,646.4663352,Preg17,6.471521124,Lactating_3
Preg_41,ID_33,S,F,multi,8/3/09,2/1/10,2,1,10,0.068,3532,4/5/10,4,2010,1462.419444,25.27477901,3.229807021,245,34 weeks,80,14.932262,1054.042024,Preg17,6.960387599,Lactating_3
Preg_41,ID_33,S,F,multi,8/3/09,2/1/10,2,1,10,0.066,3566,4/12/10,4,2010,1462.411111,16.98050024,2.832065641,252,34 weeks,80,8.749819269,636.3504923,Preg3,6.4557495,Lactating_3
Preg_41,ID_33,S,F,multi,8/3/09,2/1/10,2,1,10,0.029,3425,3/4/10,3,2010,1462.457639,41.12661682,3.716655523,213,30 weeks,80,10.77038316,1782.684109,Preg7,7.485875434,Lactating_3
Preg_42,ID_34,S,M,multi,8/3/09,2/1/10,2,1,10,0.05,3389,3/1/10,3,2010,1462.409722,29.24086688,3.375567282,210,28 weeks,80,13.49171631,1295.204766,Preg16,7.166424082,Lactating_3
Preg_42,ID_34,S,M,multi,8/3/09,2/1/10,2,1,10,0.048,3421,3/4/10,3,2010,1462.411111,32.58284909,3.483786048,213,30 weeks,80,9.062930213,906.2930213,Preg16,6.809362677,Lactating_3
Preg_42,ID_34,S,M,multi,8/3/09,2/1/10,2,1,10,0.042,3439,3/5/10,3,2010,1462.403472,35.4563816,3.568303254,214,30 weeks,80,13.04002072,1490.288082,Preg16,7.306724724,Lactating_3
Preg_42,ID_34,S,M,multi,8/3/09,2/1/10,2,1,10,0.053,3524,4/5/10,4,2010,1462.401389,19.5990272,2.975479932,245,34 weeks,80,8.867391716,803.0845328,Preg17,6.68845998,Lactating_3
Preg_42,ID_34,S,M,multi,8/3/09,2/1/10,2,1,10,0.064,3561,4/12/10,4,2010,1462.406944,20.74560485,3.03233441,252,34 weeks,80,11.98992968,899.2447259,Preg17,6.801555218,Lactating_3
Preg_42,ID_34,S,M,multi,8/3/09,2/1/10,2,1,10,0.068,3469,3/29/10,3,2010,1462.344444,16.97107435,2.831510386,238,32 weeks,80,11.81236009,833.8136532,Preg3,6.72600994,Lactating_3
Preg_43,ID_35,T,F,primi,9/13/10,3/14/11,3,14,11,0.057,3987,7/27/10,7,2010,1462.401389,14.53614492,2.676638301,-48,-8 weeks,80,5.514284463,464.3607969,Preg6,6.14066183,PreG_3
Preg_43,ID_35,T,F,primi,9/13/10,3/14/11,3,14,11,0.063,4083,8/12/10,8,2010,9:09,29.07338473,3.369823142,-32,-6 weeks,80,19.54304609,1488.993988,Preg6,7.305855995,PreG_3
Preg_44,ID_36,T,F,primi,2/4/09,8/5/09,8,5,9,0.073,2933,8/29/09,8,2009,1462.381944,35.13531707,3.559206809,206,28 weeks,80,15.04481772,989.2482884,Preg19B,6.89694535,Lactating_3
Preg_44,ID_36,T,F,primi,2/4/09,8/5/09,8,5,9,0.077,2946,9/1/09,9,2009,1462.439583,22.39503238,3.108839166,209,28 weeks,80,7.223250021,375.2337673,Preg19B,5.927549211,Lactating_3
Preg_44,ID_36,T,F,primi,2/4/09,8/5/09,8,5,9,0.056,2960,9/5/09,9,2009,1462.498611,29.5111009,3.384766494,213,30 weeks,80,10.34052295,886.3305382,Preg19B,6.787089949,Lactating_3
Preg_44,ID_36,T,F,primi,2/4/09,8/5/09,8,5,9,0.039,3026,10/8/09,10,2009,1462.355556,48.66948059,3.885052152,246,34 weeks,80,5.125778553,630.8650527,Preg2,6.447091977,Lactating_3
Preg_45,ID_37,V,F,multi,6/1/14,11/30/14,11,30,14,0.069,11272,3/14/14,3,2014,11:34,19.50213673,2.970524035,-79,-12 weeks,80,7.423756107,516.4352074,Preg12,6.246949835,PreG_3
Preg_45,ID_37,V,F,multi,6/1/14,11/30/14,11,30,14,0.058,11288,3/18/14,3,2014,11:40,36.19075518,3.588803704,-75,-12 weeks,80,13.30476914,1101.084342,Preg12,7.004050739,PreG_3
Preg_45,ID_37,V,F,multi,6/1/14,11/30/14,11,30,14,0.081,11411,4/2/14,4,2014,9:40,22.79915728,3.126723574,-60,-10 weeks,80,13.66661483,809.8734713,Preg12,6.696878027,PreG_3
Preg_45,ID_37,V,F,multi,6/1/14,11/30/14,11,30,14,0.07,11464,4/7/14,4,2014,11:16,27.93860412,3.330009393,-55,-8 weeks,80,10.28873193,705.5130468,Preg12,6.558925264,PreG_3
Preg_45,ID_37,V,F,multi,6/1/14,11/30/14,11,30,14,0.086,11529,4/15/14,4,2014,11:25,19.80404046,2.985885981,-47,-8 weeks,80,18.47949304,1031.413565,Preg13,6.938685534,PreG_3
Preg_45,ID_37,V,F,multi,6/1/14,11/30/14,11,30,14,0.074,11554,4/23/14,4,2014,10:18,27.66360019,3.320117476,-39,-6 weeks,80,20.7483519,1345.839042,Preg13,7.204772921,PreG_3
Preg_45,ID_37,V,F,multi,6/1/14,11/30/14,11,30,14,0.042,11639,5/2/14,5,2014,11:36,29.7353325,3.392335985,-30,-6 weeks,80,29.22515239,3340.017416,Preg13,8.1137313,PreG_3
Preg_45,ID_37,V,F,multi,6/1/14,11/30/14,11,30,14,0.067,11703,5/11/14,5,2014,10:25,23.79581908,3.169509896,-21,-4 weeks,80,13.11817525,939.8095699,Preg13,6.84567727,PreG_3
Preg_45,ID_37,V,F,multi,6/1/14,11/30/14,11,30,14,0.029,11809,5/26/14,5,2014,10:45,31.82614849,3.460288231,-6,-2 weeks,80,4.543073534,751.9569987,Preg13,6.62267914,PreG_3
Preg_45,ID_37,V,F,multi,6/1/14,11/30/14,11,30,14,0.059,11822,6/2/14,6,2014,11:38,23.82997202,3.170944117,1,-2 weeks,80,11.35870111,924.0977174,Preg13,6.828817821,1st_Trimester
Preg_45,ID_37,V,F,multi,6/1/14,11/30/14,11,30,14,0.031,11924,6/9/14,6,2014,11:21,36.13567903,3.587280716,8,2 weeks,80,4.990377755,772.7036524,Preg20B,6.649895602,1st_Trimester
Preg_45,ID_37,V,F,multi,6/1/14,11/30/14,11,30,14,0.08,11330,3/24/14,3,2014,9:29,40.84928876,3.70988941,-69,-10 weeks,80,9.714244011,582.8546406,Preg3,6.367937825,PreG_3
Preg_46,ID_37,V,M,multi,2/7/09,8/8/09,8,8,9,0.048,1918,2/4/09,2,2009,1462.45,21.6695341,3.075907316,-3,-2 weeks,80,17.6815124,1768.15124,Preg17,7.477689783,PreG_3
Preg_46,ID_37,V,M,multi,2/7/09,8/8/09,8,8,9,0.046,2020,2/23/09,2,2009,1462.413194,20.24730483,3.00802169,16,2 weeks,80,7.748724557,808.5625625,Preg17,6.695258057,1st_Trimester
Preg_46,ID_37,V,M,multi,2/7/09,8/8/09,8,8,9,0.063,2032,2/25/09,2,2009,1462.338889,21.9501118,3.088772233,18,4 weeks,80,19.70552744,1501.373519,Preg18,7.314135647,1st_Trimester
Preg_46,ID_37,V,M,multi,2/7/09,8/8/09,8,8,9,0.078,2079,3/6/09,3,2009,1462.395833,26.06672488,3.260659592,27,4 weeks,80,12.70058073,781.5741985,Preg18,6.661310089,1st_Trimester
Preg_46,ID_37,V,M,multi,2/7/09,8/8/09,8,8,9,0.08,2126,3/13/09,3,2009,1462.373611,29.62265667,3.388539497,34,6 weeks,80,13.16525162,789.9150969,Preg18,6.671925467,1st_Trimester
Preg_46,ID_37,V,M,multi,2/7/09,8/8/09,8,8,9,0.048,2239,4/4/09,4,2009,1462.35,19.63670935,2.977400741,56,8 weeks,80,13.11599319,1311.599319,Preg18,7.179002526,1st_Trimester
Preg_46,ID_37,V,M,multi,2/7/09,8/8/09,8,8,9,0.066,2315,4/9/09,4,2009,1462.417361,22.24659022,3.102188748,61,8 weeks,80,21.36493213,1553.813246,Preg18,7.348467347,1st_Trimester
Preg_46,ID_37,V,M,multi,2/7/09,8/8/09,8,8,9,0.061,2371,4/14/09,4,2009,1462.389583,25.23217844,3.228120102,66,10 weeks,80,9.813505443,772.2102644,Preg19B,6.649256876,2nd_Trimester
Preg_46,ID_37,V,M,multi,2/7/09,8/8/09,8,8,9,0.052,2397,4/16/09,4,2009,1462.355556,19.50183839,2.970508738,68,10 weeks,80,12.37648195,952.037073,Preg19B,6.858603976,2nd_Trimester
Preg_46,ID_37,V,M,multi,2/7/09,8/8/09,8,8,9,0.036,2429,4/27/09,4,2009,1462.345139,32.15170053,3.470465343,79,12 weeks,80,7.548163992,1006.421866,Preg19B,6.914156613,2nd_Trimester
Preg_46,ID_37,V,M,multi,2/7/09,8/8/09,8,8,9,0.042,2506,5/11/09,5,2009,1462.353472,18.84975392,2.936499859,93,14 weeks,80,5.178553974,591.8347399,Preg19B,6.38322744,2nd_Trimester
Preg_46,ID_37,V,M,multi,2/7/09,8/8/09,8,8,9,0.069,2185,3/25/09,3,2009,1462.375,17.82387978,2.880539119,46,6 weeks,80,16.32687791,1135.782811,Preg2,7.035077394,1st_Trimester
Preg_46,ID_37,V,M,multi,2/7/09,8/8/09,8,8,9,0.092,2260,4/5/09,4,2009,1462.4375,16.61177598,2.81011184,57,8 weeks,80,22.92807415,1196.247347,Preg2,7.086944725,1st_Trimester
Preg_46,ID_37,V,M,multi,2/7/09,8/8/09,8,8,9,0.092,2265,4/6/09,4,2009,1462.352778,17.54011179,2.86449036,58,8 weeks,80,27.03642837,1410.596263,Preg2,7.251767776,1st_Trimester
Preg_46,ID_37,V,M,multi,2/7/09,8/8/09,8,8,9,0.091,2030,2/24/09,2,2009,1462.353472,13.9503423,2.635504046,17,4 weeks,80,8.409071389,443.5554139,Preg4B,6.094822741,1st_Trimester
Preg_46,ID_37,V,M,multi,2/7/09,8/8/09,8,8,9,0.085,2007,2/20/09,2,2009,1462.443056,17.54934153,2.86501643,13,2 weeks,80,9.663182791,545.6856164,Preg7,6.302043016,1st_Trimester
Preg_47,ID_38,V,M,multi,7/27/09,1/25/10,1,25,10,0.046,3444,3/9/10,3,2010,1462.417361,25.87642305,3.253332247,225,30 weeks,80,12.40509523,1294.44472,Preg20B,7.165837095,Lactating_3
Preg_47,ID_38,V,M,multi,7/27/09,1/25/10,1,25,10,0.08,3616,4/22/10,4,2010,1462.390278,16.27796847,2.789812566,269,36 weeks,80,10.7436977,644.621862,Preg4B,6.468663884,Lactating_3
Preg_48,ID_38,V,F,multi,6/26/13,12/25/13,12,25,13,0.108,10223,10/12/13,10,2013,9:05,22.10026397,3.095589553,108,16 weeks,80,21.47747038,954.5542391,Preg10,6.861244466,2nd_Trimester
Preg_48,ID_38,V,F,multi,6/26/13,12/25/13,12,25,13,0.037,10531,11/11/13,11,2013,9:02,24.80754507,3.211147844,138,20 weeks,80,6.685348934,867.2885104,Preg10,6.76537169,3rd_Trimester
Preg_48,ID_38,V,F,multi,6/26/13,12/25/13,12,25,13,0.072,10809,12/13/13,12,2013,10:45,37.26633547,3.618090385,170,24 weeks,80,22.28776819,1485.851213,Preg10,7.303743094,3rd_Trimester
Preg_48,ID_38,V,F,multi,6/26/13,12/25/13,12,25,13,0.054,10891,1/7/14,1,2014,10:44,33.83990541,3.52164074,195,26 weeks,80,5.123965243,455.4635772,Preg11,6.121315751,Lactating_3
Preg_48,ID_38,V,F,multi,6/26/13,12/25/13,12,25,13,0.048,10973,1/15/14,1,2014,10:20,30.61231016,3.421402221,203,28 weeks,80,4.566417432,456.6417432,Preg11,6.123899152,Lactating_3
Preg_48,ID_38,V,F,multi,6/26/13,12/25/13,12,25,13,0.057,11034,1/26/14,1,2014,12:25,23.48089419,3.156187077,214,30 weeks,80,8.90349896,749.7683335,Preg11,6.61976427,Lactating_3
Preg_48,ID_38,V,F,multi,6/26/13,12/25/13,12,25,13,0.067,11044,1/28/14,1,2014,8:34,28.39431911,3.346189094,216,30 weeks,80,14.79759558,1060.126251,Preg11,6.966143285,Lactating_3
Preg_48,ID_38,V,F,multi,6/26/13,12/25/13,12,25,13,0.062,11059,2/9/14,2,2014,9:38,25.77121598,3.249258209,228,32 weeks,80,9.700156878,750.9798874,Preg11,6.62137887,Lactating_3
Preg_48,ID_38,V,F,multi,6/26/13,12/25/13,12,25,13,0.07,11105,2/12/14,2,2014,9:44,38.05723097,3.639091105,231,32 weeks,80,11.02659735,756.1095325,Preg11,6.62818625,Lactating_3
Preg_48,ID_38,V,F,multi,6/26/13,12/25/13,12,25,13,0.069,11270,3/14/14,3,2014,11:20,32.18125224,3.471384054,261,36 weeks,80,11.06047364,769.424253,Preg12,6.645642512,Lactating_3
Preg_48,ID_38,V,F,multi,6/26/13,12/25/13,12,25,13,0.07,11289,3/18/14,3,2014,11:43,34.04911042,3.527803907,265,36 weeks,80,17.25128273,1182.945101,Preg12,7.075762456,Lactating_3
Preg_48,ID_38,V,F,multi,6/26/13,12/25/13,12,25,13,0.059,11332,3/24/14,3,2014,9:42,40.05206296,3.690180182,271,36 weeks,80,23.40690892,1904.290895,Preg12,7.551864985,Lactating_3
Preg_48,ID_38,V,F,multi,6/26/13,12/25/13,12,25,13,0.06,11134,2/17/14,2,2014,11:35,32.33644938,3.476195058,236,32 weeks,80,9.886909342,790.9527474,Preg19B,6.673238228,Lactating_3
Preg_48,ID_38,V,F,multi,6/26/13,12/25/13,12,25,13,0.058,8880,4/5/13,4,2013,9:18,21.43692804,3.065115044,-82,-12 weeks,80,8.386729575,694.0741717,Preg20B,6.54257883,PreG_3
Preg_48,ID_38,V,F,multi,6/26/13,12/25/13,12,25,13,0.126,11209,3/4/14,3,2014,11:22,26.74072957,3.286187855,251,34 weeks,80,18.52027247,705.5341893,Preg20B,6.558955231,Lactating_3
Preg_48,ID_38,V,F,multi,6/26/13,12/25/13,12,25,13,0.121,9072,5/1/13,5,2013,11:02,17.0134891,2.834006506,-56,-8 weeks,80,8.94019749,354.6524624,Preg3,5.871138331,PreG_3
Preg_48,ID_38,V,F,multi,6/26/13,12/25/13,12,25,13,0.104,9292,6/5/13,6,2013,9:10,17.21922653,2.846026581,-21,-4 weeks,80,18.07233501,834.1077695,Preg3,6.726362614,PreG_3
Preg_48,ID_38,V,F,multi,6/26/13,12/25/13,12,25,13,0.079,11176,2/28/14,2,2014,10:37,17.07060595,2.837358034,247,34 weeks,80,5.633450401,342.285594,Preg3,5.835645459,Lactating_3
Preg_48,ID_38,V,F,multi,6/26/13,12/25/13,12,25,13,0.073,10383,11/1/13,11,2013,8:41,36.24697878,3.590356034,128,18 weeks,80,14.01224849,921.3533252,Preg5B,6.825843595,3rd_Trimester
Preg_48,ID_38,V,F,multi,6/26/13,12/25/13,12,25,13,0.07,9835,8/22/13,8,2013,11:44,19.850209,2.988214536,57,8 weeks,80,18.99578867,1302.568366,Preg9B,7.172093261,1st_Trimester
Preg_48,ID_38,V,F,multi,6/26/13,12/25/13,12,25,13,0.057,9926,9/2/13,9,2013,10:45,18.4394392,2.914491806,68,10 weeks,80,10.99385082,925.7979637,Preg9B,6.830656029,2nd_Trimester
Preg_48,ID_38,V,F,multi,6/26/13,12/25/13,12,25,13,0.078,10113,10/1/13,10,2013,9:36,24.55070962,3.200740759,97,14 weeks,80,29.24535561,1799.714191,Preg9B,7.495383148,2nd_Trimester
Preg_49,ID_39,V,F,multi,8/14/09,2/12/10,2,12,10,0.077,3443,3/9/10,3,2010,1462.411111,25.66037512,3.244947978,207,28 weeks,80,26.28921473,1638.808191,Preg19B,7.401724544,Lactating_3
Preg_49,ID_39,V,F,multi,8/14/09,2/12/10,2,12,10,0.095,3612,4/22/10,4,2010,1462.379167,14.64063799,2.683801086,251,34 weeks,80,12.58805413,636.0279981,Preg4B,6.455242585,Lactating_3
Preg_50,ID_40,V,F,multi,3/19/14,9/17/14,9,17,14,0.067,10963,1/14/14,1,2014,10:35,37.44866783,3.622971137,-64,-10 weeks,80,29.46393629,2110.849167,Preg11,7.654845594,PreG_3
Preg_50,ID_40,V,F,multi,3/19/14,9/17/14,9,17,14,0.048,11019,1/26/14,1,2014,9:08,26.22719694,3.266796924,-52,-8 weeks,80,7.595820258,759.5820258,Preg11,6.632768316,PreG_3
Preg_50,ID_40,V,F,multi,3/19/14,9/17/14,9,17,14,0.093,11047,1/28/14,1,2014,9:55,33.42850126,3.509408867,-50,-8 weeks,80,13.72670542,708.4751186,Preg11,6.56311494,PreG_3
Preg_50,ID_40,V,F,multi,3/19/14,9/17/14,9,17,14,0.063,11064,2/9/14,2,2014,10:46,22.34187404,3.106462677,-38,-6 weeks,80,13.54995381,1032.377433,Preg11,6.939619609,PreG_3
Preg_50,ID_40,V,F,multi,3/19/14,9/17/14,9,17,14,0.046,11165,2/27/14,2,2014,8:23,33.63549916,3.515582032,-20,-4 weeks,80,9.070894484,946.5281201,Preg12,6.85280068,PreG_3
Preg_50,ID_40,V,F,multi,3/19/14,9/17/14,9,17,14,0.079,11210,3/4/14,3,2014,11:25,32.98142994,3.495944674,-15,-4 weeks,80,21.35425696,1297.473841,Preg12,7.168174454,PreG_3
Preg_50,ID_40,V,F,multi,3/19/14,9/17/14,9,17,14,0.077,11262,3/14/14,3,2014,10:23,30.3906873,3.414136223,-5,-2 weeks,80,14.63558383,912.3480828,Preg12,6.816021587,PreG_3
Preg_50,ID_40,V,F,multi,3/19/14,9/17/14,9,17,14,0.073,11284,3/18/14,3,2014,11:10,30.70889433,3.42455233,-1,-2 weeks,80,20.3135512,1335.685558,Preg12,7.197199966,PreG_3
Preg_50,ID_40,V,F,multi,3/19/14,9/17/14,9,17,14,0.071,11336,3/24/14,3,2014,10:05,27.83969176,3.326462764,5,2 weeks,80,34.28503454,2317.86149,Preg12,7.748400268,1st_Trimester
Preg_50,ID_40,V,F,multi,3/19/14,9/17/14,9,17,14,0.062,11427,4/2/14,4,2014,11:30,25.20560584,3.227066424,14,2 weeks,80,13.00013121,1006.461771,Preg12,6.914196262,1st_Trimester
Preg_50,ID_40,V,F,multi,3/19/14,9/17/14,9,17,14,0.062,11465,4/7/14,4,2014,11:17,28.69740132,3.356806572,19,4 weeks,80,11.85004794,917.423066,Preg12,6.821568725,1st_Trimester
Preg_50,ID_40,V,F,multi,3/19/14,9/17/14,9,17,14,0.056,11521,4/15/14,4,2014,10:26,26.56550928,3.279613731,27,4 weeks,80,12.70796225,1089.253907,Preg13,6.993248252,1st_Trimester
Preg_50,ID_40,V,F,multi,3/19/14,9/17/14,9,17,14,0.084,11625,5/1/14,5,2014,11:46,23.52889425,3.158229208,43,6 weeks,80,27.43708613,1567.833493,Preg13,7.357450005,1st_Trimester
Preg_50,ID_40,V,F,multi,3/19/14,9/17/14,9,17,14,0.033,11776,5/19/14,5,2014,12:20,33.82735164,3.521269695,61,8 weeks,80,13.04352129,1897.239461,Preg13,7.548155193,1st_Trimester
Preg_50,ID_40,V,F,multi,3/19/14,9/17/14,9,17,14,0.028,11811,5/26/14,5,2014,11:30,36.4393309,3.595648711,68,10 weeks,80,9.324540883,1598.492723,Preg13,7.376816416,2nd_Trimester
Preg_50,ID_40,V,F,multi,3/19/14,9/17/14,9,17,14,0.036,11847,6/3/14,6,2014,9:55,32.57935467,3.483678795,76,10 weeks,80,33.15575127,4420.766836,Preg15,8.394068452,2nd_Trimester
Preg_50,ID_40,V,F,multi,3/19/14,9/17/14,9,17,14,0.08,10900,1/8/14,1,2014,10:17,30.05261194,3.402949577,-70,-10 weeks,80,15.37198825,922.3192948,Preg19B,6.82689147,PreG_3
Preg_50,ID_40,V,F,multi,3/19/14,9/17/14,9,17,14,0.088,11115,2/12/14,2,2014,11:25,29.67899253,3.390439473,-35,-6 weeks,80,16.31754641,890.047986,Preg19B,6.791275378,PreG_3
Preg_50,ID_40,V,F,multi,3/19/14,9/17/14,9,17,14,0.058,11555,4/23/14,4,2014,10:26,26.23593807,3.267130153,35,6 weeks,80,17.4505658,1444.184756,Preg20B,7.275300259,1st_Trimester
Preg_50,ID_40,V,F,multi,3/19/14,9/17/14,9,17,14,0.079,11700,5/11/14,5,2014,10:15,21.13774134,3.051060132,53,8 weeks,80,16.13359324,980.2689565,Preg20B,6.887826979,1st_Trimester
Preg_50,ID_40,V,F,multi,3/19/14,9/17/14,9,17,14,0.097,11930,6/10/14,6,2014,11:30,28.29164251,3.342566443,83,12 weeks,80,25.03752052,1238.970087,Preg20B,7.122035738,2nd_Trimester
Preg_51,ID_41,V,F,multi,4/10/14,10/9/14,10,9,14,0.101,10944,1/13/14,1,2014,9:50,25.27372818,3.229765444,-87,-12 weeks,80,20.57416049,977.7818848,Preg11,6.885286623,PreG_3
Preg_51,ID_41,V,F,multi,4/10/14,10/9/14,10,9,14,0.071,11041,1/28/14,1,2014,8:11,28.79747192,3.360287603,-72,-10 weeks,80,7.822848976,528.8686632,Preg11,6.270740127,PreG_3
Preg_51,ID_41,V,F,multi,4/10/14,10/9/14,10,9,14,0.083,11063,2/9/14,2,2014,10:30,19.3972439,2.965130989,-60,-10 weeks,80,8.373088733,484.2268183,Preg11,6.18255343,PreG_3
Preg_51,ID_41,V,F,multi,4/10/14,10/9/14,10,9,14,0.093,11108,2/12/14,2,2014,10:43,32.94098921,3.494717755,-57,-8 weeks,80,10.7720029,555.9743434,Preg11,6.320722148,PreG_3
Preg_51,ID_41,V,F,multi,4/10/14,10/9/14,10,9,14,0.091,11130,2/17/14,2,2014,10:30,34.8971391,3.552404852,-52,-8 weeks,80,22.25599799,1173.942751,Preg11,7.068123235,PreG_3
Preg_51,ID_41,V,F,multi,4/10/14,10/9/14,10,9,14,0.09,11236,3/7/14,3,2014,9:44,27.79525113,3.324865183,-34,-6 weeks,80,12.18301062,649.7605664,Preg12,6.476603936,PreG_3
Preg_51,ID_41,V,F,multi,4/10/14,10/9/14,10,9,14,0.083,11271,3/14/14,3,2014,11:30,29.07694524,3.3699456,-27,-4 weeks,80,13.48205159,779.6849114,Preg12,6.658889878,PreG_3
Preg_51,ID_41,V,F,multi,4/10/14,10/9/14,10,9,14,0.105,11290,3/18/14,3,2014,11:45,25.88839369,3.253794748,-23,-4 weeks,80,18.77003542,858.058762,Preg12,6.754672584,PreG_3
Preg_51,ID_41,V,F,multi,4/10/14,10/9/14,10,9,14,0.113,11335,3/24/14,3,2014,10:01,30.79964638,3.427503209,-17,-4 weeks,80,27.52547688,1169.223797,Preg12,7.064095386,PreG_3
Preg_51,ID_41,V,F,multi,4/10/14,10/9/14,10,9,14,0.113,11418,4/2/14,4,2014,10:13,20.29659678,3.010453226,-8,-2 weeks,80,14.00496122,594.9010074,Preg12,6.388395018,PreG_3
Preg_51,ID_41,V,F,multi,4/10/14,10/9/14,10,9,14,0.056,11460,4/7/14,4,2014,9:03,24.1830904,3.185653645,-3,-2 weeks,80,10.42462658,893.539421,Preg12,6.795190453,PreG_3
Preg_51,ID_41,V,F,multi,4/10/14,10/9/14,10,9,14,0.1,11550,4/22/14,4,2014,9:57,21.50700899,3.068378882,12,2 weeks,80,21.6630813,1039.827902,Preg13,6.9468105,1st_Trimester
Preg_51,ID_41,V,F,multi,4/10/14,10/9/14,10,9,14,0.082,11611,5/1/14,5,2014,10:58,27.89898644,3.32859036,21,4 weeks,80,23.29056885,1363.350372,Preg13,7.217700458,1st_Trimester
Preg_51,ID_41,V,F,multi,4/10/14,10/9/14,10,9,14,0.039,11753,5/15/14,5,2014,12:20,26.12609205,3.26293451,35,6 weeks,80,16.58736899,2041.522337,Preg13,7.621451052,1st_Trimester
Preg_51,ID_41,V,F,multi,4/10/14,10/9/14,10,9,14,0.042,11779,5/19/14,5,2014,12:34,30.40137342,3.414487786,39,6 weeks,80,24.00377237,2743.288271,Preg13,7.916912579,1st_Trimester
Preg_51,ID_41,V,F,multi,4/10/14,10/9/14,10,9,14,0.091,11807,5/26/14,5,2014,10:14,29.08992043,3.370391737,46,6 weeks,80,21.87340116,1153.76182,Preg13,7.050783031,1st_Trimester
Preg_51,ID_41,V,F,multi,4/10/14,10/9/14,10,9,14,0.055,11819,6/2/14,6,2014,11:30,33.48280984,3.511032168,53,8 weeks,80,28.0858368,2451.127576,Preg13,7.804303433,1st_Trimester
Preg_51,ID_41,V,F,multi,4/10/14,10/9/14,10,9,14,0.032,11926,6/9/14,6,2014,11:35,33.98350414,3.525875235,60,8 weeks,80,17.49682292,2624.523438,Preg15,7.872654611,1st_Trimester
Preg_51,ID_41,V,F,multi,4/10/14,10/9/14,10,9,14,0.061,11027,1/26/14,1,2014,11:20,18.43432956,2.914214663,-74,-12 weeks,80,4.492749451,353.5278257,Preg19B,5.867962197,PreG_3
Preg_51,ID_41,V,F,multi,4/10/14,10/9/14,10,9,14,0.14,11533,4/16/14,4,2014,8:15,7.886999875,2.065215819,6,2 weeks,80,12.74488676,436.9675462,Preg3,6.079858927,1st_Trimester
Preg_51,ID_41,V,F,multi,4/10/14,10/9/14,10,9,14,0.08,11175,2/27/14,2,2014,11:04,17.35087423,2.853642893,-42,-6 weeks,80,5.753013819,345.1808291,Preg7,5.844068422,PreG_3
Preg_52,ID_41,V,M,primi,12/12/11,6/11/12,6,11,12,0.097,7801,9/6/12,9,2012,1462.459028,28.80109529,3.360413417,269,36 weeks,80,13.78767958,682.2769277,Preg8,6.525435628,Lactating_3
Preg_53,ID_42,V,F,multi,4/4/14,10/3/14,10,3,14,0.081,10898,1/8/14,1,2014,10:05,27.13789654,3.300931147,-86,-12 weeks,80,11.99093153,710.5737205,Preg11,6.566072701,PreG_3
Preg_53,ID_42,V,F,multi,4/4/14,10/3/14,10,3,14,0.08,10946,1/13/14,1,2014,9:55,29.18055224,3.373502468,-81,-12 weeks,80,15.30738256,918.4429537,Preg11,6.822679795,PreG_3
Preg_53,ID_42,V,F,multi,4/4/14,10/3/14,10,3,14,0.073,11057,2/9/14,2,2014,8:58,26.69257849,3.284385568,-54,-8 weeks,80,14.42486283,948.4841316,Preg11,6.854865059,PreG_3
Preg_53,ID_42,V,F,multi,4/4/14,10/3/14,10,3,14,0.056,11110,2/12/14,2,2014,11:06,31.83071229,3.460431619,-51,-8 weeks,80,7.145524181,612.4735013,Preg11,6.417505678,PreG_3
Preg_53,ID_42,V,F,multi,4/4/14,10/3/14,10,3,14,0.077,11141,2/18/14,2,2014,11:30,25.38003262,3.233962748,-45,-8 weeks,80,4.016770513,250.396084,Preg11,5.523044,PreG_3
Preg_53,ID_42,V,F,multi,4/4/14,10/3/14,10,3,14,0.058,11163,2/27/14,2,2014,7:58,23.98320925,3.177353971,-36,-6 weeks,80,5.770816628,477.5848244,Preg12,6.168741787,PreG_3
Preg_53,ID_42,V,F,multi,4/4/14,10/3/14,10,3,14,0.066,11273,3/14/14,3,2014,11:35,25.60721411,3.242874113,-21,-4 weeks,80,10.49842446,763.5217791,Preg12,6.63794165,PreG_3
Preg_53,ID_42,V,F,multi,4/4/14,10/3/14,10,3,14,0.068,11294,3/18/14,3,2014,11:49,34.29348429,3.534955374,-17,-4 weeks,80,12.15982929,858.3408911,Preg12,6.75500133,PreG_3
Preg_53,ID_42,V,F,multi,4/4/14,10/3/14,10,3,14,0.096,11333,3/24/14,3,2014,9:48,34.63832344,3.544960683,-11,-2 weeks,80,24.09447047,1204.723524,Preg12,7.094005379,PreG_3
Preg_53,ID_42,V,F,multi,4/4/14,10/3/14,10,3,14,0.055,11414,4/2/14,4,2014,10:00,32.19953795,3.471952103,-2,-2 weeks,80,9.492766316,828.4596058,Preg12,6.71956808,PreG_3
Preg_53,ID_42,V,F,multi,4/4/14,10/3/14,10,3,14,0.046,11466,4/7/14,4,2014,11:37,38.3197823,3.645966272,3,2 weeks,80,6.483983854,676.5896195,Preg12,6.517064914,1st_Trimester
Preg_53,ID_42,V,F,multi,4/4/14,10/3/14,10,3,14,0.067,11514,4/15/14,4,2014,10:16,26.40161157,3.273425053,11,2 weeks,80,12.54119015,898.4733243,Preg13,6.800697017,1st_Trimester
Preg_53,ID_42,V,F,multi,4/4/14,10/3/14,10,3,14,0.093,11548,4/22/14,4,2014,9:56,25.93278868,3.25550814,18,4 weeks,80,25.60057403,1321.31995,Preg13,7.186386478,1st_Trimester
Preg_53,ID_42,V,F,multi,4/4/14,10/3/14,10,3,14,0.085,11616,5/1/14,5,2014,11:11,33.88529318,3.522981091,27,4 weeks,80,6.797032013,383.832396,Preg13,5.950205989,1st_Trimester
Preg_53,ID_42,V,F,multi,4/4/14,10/3/14,10,3,14,0.047,11702,5/11/14,5,2014,10:20,28.58587192,3.352912607,37,6 weeks,80,9.349492514,954.8417887,Preg13,6.86154566,1st_Trimester
Preg_53,ID_42,V,F,multi,4/4/14,10/3/14,10,3,14,0.044,11778,5/19/14,5,2014,12:33,26.57527627,3.27998132,45,6 weeks,80,14.53931111,1586.106666,Preg13,7.369037655,1st_Trimester
Preg_53,ID_42,V,F,multi,4/4/14,10/3/14,10,3,14,0.035,11813,5/27/14,5,2014,10:05,31.29713065,3.443526421,53,8 weeks,80,8.678150488,1190.146353,Preg13,7.081831564,1st_Trimester
Preg_53,ID_42,V,F,multi,4/4/14,10/3/14,10,3,14,0.064,11823,6/2/14,6,2014,11:36,27.43928737,3.311975832,59,8 weeks,80,12.29600938,922.2007031,Preg13,6.826762882,1st_Trimester
Preg_53,ID_42,V,F,multi,4/4/14,10/3/14,10,3,14,0.063,11022,1/26/14,1,2014,10:03,21.37786396,3.062355992,-68,-10 weeks,80,7.458457053,568.2633945,Preg19B,6.342585034,PreG_3
Preg_53,ID_42,V,F,multi,4/4/14,10/3/14,10,3,14,0.056,11048,1/28/14,1,2014,10:09,39.89531898,3.686258998,-66,-10 weeks,80,9.659053943,827.9189094,Preg19B,6.718915214,PreG_3
Preg_53,ID_42,V,F,multi,4/4/14,10/3/14,10,3,14,0.05,11197,3/4/14,3,2014,9:07,29.53689123,3.385640032,-31,-6 weeks,80,4.582667331,439.9360637,Preg19B,6.086629407,PreG_3
Preg_53,ID_42,V,F,multi,4/4/14,10/3/14,10,3,14,0.038,11923,6/9/14,6,2014,11:20,45.57542591,3.819368666,66,10 weeks,80,9.488914027,1198.599667,Preg3,7.08890921,2nd_Trimester
Preg_54,ID_43,Z,F,multi,4/17/10,10/16/10,10,16,10,0.096,3544,4/9/10,4,2010,1462.375,19.72138053,2.981703353,-8,-2 weeks,80,14.18200323,709.1001614,Preg17,6.563996788,PreG_3
Preg_54,ID_43,Z,F,multi,4/17/10,10/16/10,10,16,10,0.043,3942,6/26/10,6,2010,1462.433333,25.1123336,3.223359104,70,10 weeks,80,12.3452524,1378.074687,Preg20B,7.22844265,2nd_Trimester
Preg_54,ID_43,Z,F,multi,4/17/10,10/16/10,10,16,10,0.051,3791,5/21/10,5,2010,1462.40625,25.7940176,3.250142589,34,6 weeks,80,30.08038047,2831.094632,Preg5B,7.948418712,1st_Trimester
Preg_54,ID_43,Z,F,multi,4/17/10,10/16/10,10,16,10,0.09,4001,7/28/10,7,2010,1462.411111,19.9199484,2.991721662,102,14 weeks,80,7.443358023,396.9790946,Preg6,5.983883621,2nd_Trimester
Preg_55,ID_44,Z,F,multi,5/17/13,11/15/13,11,15,13,0.066,10204,10/11/13,10,2013,10:38,27.4861907,3.313683722,147,20 weeks,80,11.72842175,852.9761271,Preg10,6.74873156,3rd_Trimester
Preg_55,ID_44,Z,F,multi,5/17/13,11/15/13,11,15,13,0.051,10445,11/2/13,11,2013,10:43,20.66299715,3.028344523,169,24 weeks,80,9.01080578,848.0758382,Preg10,6.742970064,3rd_Trimester
Preg_55,ID_44,Z,F,multi,5/17/13,11/15/13,11,15,13,0.064,10672,12/3/13,12,2013,9:51,27.68034907,3.320722742,200,28 weeks,80,12.89705765,967.2793236,Preg10,6.87448731,Lactating_3
Preg_55,ID_44,Z,F,multi,5/17/13,11/15/13,11,15,13,0.081,10795,12/13/13,12,2013,9:55,30.76427264,3.426354037,210,28 weeks,80,14.8367415,879.2143114,Preg19B,6.779028681,Lactating_3
Preg_55,ID_44,Z,F,multi,5/17/13,11/15/13,11,15,13,0.061,10620,11/21/13,11,2013,10:08,31.92550926,3.463405354,188,26 weeks,80,11.15172532,877.5128122,Preg20B,6.777091556,Lactating_3
Preg_55,ID_44,Z,F,multi,5/17/13,11/15/13,11,15,13,0.036,10330,10/21/13,10,2013,8:27,33.83343332,3.521449465,157,22 weeks,80,9.845639363,1312.751915,Preg5B,7.179880911,3rd_Trimester
Preg_56,ID_45,Z,F,multi,5/7/13,11/5/13,11,5,13,0.035,10207,10/11/13,10,2013,10:44,34.62196113,3.544488195,157,22 weeks,80,5.521365739,757.2158728,Preg10,6.629648382,3rd_Trimester
Preg_56,ID_45,Z,F,multi,5/7/13,11/5/13,11,5,13,0.079,10612,11/21/13,11,2013,8:36,24.79003356,3.2104417,198,28 weeks,80,11.88402439,722.0673048,Preg10,6.582118354,Lactating_3
Preg_56,ID_45,Z,F,multi,5/7/13,11/5/13,11,5,13,0.069,10681,12/3/13,12,2013,10:30,21.09206484,3.048896896,210,28 weeks,80,10.94295174,761.2488169,Preg10,6.634960265,Lactating_3
Preg_56,ID_45,Z,F,multi,5/7/13,11/5/13,11,5,13,0.047,10798,12/13/13,12,2013,10:12,30.41488334,3.414932072,220,30 weeks,80,7.084236955,723.4965401,Preg10,6.584095764,Lactating_3
Preg_56,ID_45,Z,F,multi,5/7/13,11/5/13,11,5,13,0.029,10328,10/21/13,10,2013,8:22,31.04720352,3.435508741,167,24 weeks,80,6.027489497,997.6534339,Preg5B,6.905405955,3rd_Trimester
Preg_56,ID_45,Z,F,multi,5/7/13,11/5/13,11,5,13,0.043,10438,11/2/13,11,2013,8:36,40.75576364,3.707597269,179,24 weeks,80,13.8234095,1543.07827,Preg5B,7.341534577,3rd_Trimester
Preg_57,ID_46,Z,M,multi,4/18/13,10/17/13,10,17,13,0.02,10332,10/21/13,10,2013,8:36,37.50269882,3.624412899,186,26 weeks,80,4.233902088,1016.136501,Preg10,6.92376297,Lactating_3
Preg_57,ID_46,Z,M,multi,4/18/13,10/17/13,10,17,13,0.071,10710,12/4/13,12,2013,10:57,23.53658686,3.158556098,230,32 weeks,80,9.999377087,676.0142256,Preg10,6.51621412,Lactating_3
Preg_57,ID_46,Z,M,multi,4/18/13,10/17/13,10,17,13,0.065,10796,12/13/13,12,2013,10:04,25.04115224,3.220520561,239,32 weeks,80,8.691125222,641.8061702,Preg10,6.464286343,Lactating_3
Preg_57,ID_46,Z,M,multi,4/18/13,10/17/13,10,17,13,0.055,10198,10/11/13,10,2013,10:28,22.87644545,3.130107798,176,24 weeks,80,9.414190791,821.6021054,Preg20B,6.711256221,3rd_Trimester
Preg_57,ID_46,Z,M,multi,4/18/13,10/17/13,10,17,13,0.068,10504,11/8/13,11,2013,10:22,12.97280085,2.562854923,204,28 weeks,80,9.28706484,655.5575181,Preg20B,6.485486046,Lactating_3
Preg_57,ID_46,Z,M,multi,4/18/13,10/17/13,10,17,13,0.052,10581,11/18/13,11,2013,9:52,21.15130128,3.05170143,214,30 weeks,80,9.210117282,850.1646722,Preg5B,6.745430063,Lactating_3